"LOCATION","INDICATOR","SUBJECT","MEASURE","FREQUENCY","TIME","Value","Flag Codes"
"HUN","HHWEALTH","TOT","PC_NDI","A","1995",264.1895,
"HUN","HHWEALTH","TOT","PC_NDI","A","1996",289.8627,
"HUN","HHWEALTH","TOT","PC_NDI","A","1997",306.5918,
"HUN","HHWEALTH","TOT","PC_NDI","A","1998",305.4271,
"HUN","HHWEALTH","TOT","PC_NDI","A","1999",325.9615,
"HUN","HHWEALTH","TOT","PC_NDI","A","2000",331.0537,
"HUN","HHWEALTH","TOT","PC_NDI","A","2001",322.6171,
"HUN","HHWEALTH","TOT","PC_NDI","A","2002",312.713,
"HUN","HHWEALTH","TOT","PC_NDI","A","2003",300.4218,
"HUN","HHWEALTH","TOT","PC_NDI","A","2004",290.0046,
"HUN","HHWEALTH","TOT","PC_NDI","A","2005",290.3378,
"HUN","HHWEALTH","TOT","PC_NDI","A","2006",303.8727,
"HUN","HHWEALTH","TOT","PC_NDI","A","2007",316.8001,
"HUN","HHWEALTH","TOT","PC_NDI","A","2008",311.3015,
"HUN","HHWEALTH","TOT","PC_NDI","A","2009",333.3477,
"HUN","HHWEALTH","TOT","PC_NDI","A","2010",335.4234,
"HUN","HHWEALTH","TOT","PC_NDI","A","2011",324.8904,
"HUN","HHWEALTH","TOT","PC_NDI","A","2012",339.2473,
"HUN","HHWEALTH","TOT","PC_NDI","A","2013",344.7383,
"HUN","HHWEALTH","TOT","PC_NDI","A","2014",351.9915,
"HUN","HHWEALTH","TOT","PC_NDI","A","2015",365.9498,
"HUN","HHWEALTH","TOT","PC_NDI","A","2016",370.7466,
"HUN","HHWEALTH","TOT","PC_NDI","A","2017",368.5851,
"HUN","HHWEALTH","TOT","PC_NDI","A","2018",365.488,
"HUN","HHWEALTH","TOT","PC_NDI","A","2019",369.2627,
"HUN","HHWEALTH","TOT","PC_NDI","A","2020",398.3629,
"SVK","HHWEALTH","TOT","PC_NDI","A","1995",487.4685,
"SVK","HHWEALTH","TOT","PC_NDI","A","1996",438.2662,
"SVK","HHWEALTH","TOT","PC_NDI","A","1997",411.173,
"SVK","HHWEALTH","TOT","PC_NDI","A","1998",394.8779,
"SVK","HHWEALTH","TOT","PC_NDI","A","1999",376.6545,
"SVK","HHWEALTH","TOT","PC_NDI","A","2000",364.1295,
"SVK","HHWEALTH","TOT","PC_NDI","A","2001",353.3061,
"SVK","HHWEALTH","TOT","PC_NDI","A","2002",320.5597,
"SVK","HHWEALTH","TOT","PC_NDI","A","2003",322.8451,
"SVK","HHWEALTH","TOT","PC_NDI","A","2004",312.9106,
"SVK","HHWEALTH","TOT","PC_NDI","A","2005",286.4735,
"SVK","HHWEALTH","TOT","PC_NDI","A","2006",299.7379,
"SVK","HHWEALTH","TOT","PC_NDI","A","2007",312.0525,
"SVK","HHWEALTH","TOT","PC_NDI","A","2008",312.3563,
"SVK","HHWEALTH","TOT","PC_NDI","A","2009",296.855,
"SVK","HHWEALTH","TOT","PC_NDI","A","2010",292.4047,
"SVK","HHWEALTH","TOT","PC_NDI","A","2011",287.9049,
"SVK","HHWEALTH","TOT","PC_NDI","A","2012",284.7117,
"SVK","HHWEALTH","TOT","PC_NDI","A","2013",289.596,
"SVK","HHWEALTH","TOT","PC_NDI","A","2014",291.7921,
"SVK","HHWEALTH","TOT","PC_NDI","A","2015",283.3779,
"SVK","HHWEALTH","TOT","PC_NDI","A","2016",283.8499,
"SVK","HHWEALTH","TOT","PC_NDI","A","2017",276.5871,
"SVK","HHWEALTH","TOT","PC_NDI","A","2018",263.3016,
"SVK","HHWEALTH","TOT","PC_NDI","A","2019",268.1356,
"SVK","HHWEALTH","TOT","PC_NDI","A","2020",286.2628,
"SVK","HHWEALTH","TOT","PC_NDI","A","2021",320.7675,
"EST","HHWEALTH","TOT","PC_NDI","A","1995",460.4277,
"EST","HHWEALTH","TOT","PC_NDI","A","1996",483.7042,
"EST","HHWEALTH","TOT","PC_NDI","A","1997",465.8854,
"EST","HHWEALTH","TOT","PC_NDI","A","1998",414.217,
"EST","HHWEALTH","TOT","PC_NDI","A","1999",432.0445,
"EST","HHWEALTH","TOT","PC_NDI","A","2000",390.5592,
"EST","HHWEALTH","TOT","PC_NDI","A","2001",376.1158,
"EST","HHWEALTH","TOT","PC_NDI","A","2002",382.0811,
"EST","HHWEALTH","TOT","PC_NDI","A","2003",367.1836,
"EST","HHWEALTH","TOT","PC_NDI","A","2004",360.3278,
"EST","HHWEALTH","TOT","PC_NDI","A","2005",321.1826,
"EST","HHWEALTH","TOT","PC_NDI","A","2006",292.884,
"EST","HHWEALTH","TOT","PC_NDI","A","2007",286.7571,
"EST","HHWEALTH","TOT","PC_NDI","A","2008",281.8183,
"EST","HHWEALTH","TOT","PC_NDI","A","2009",272.7921,
"EST","HHWEALTH","TOT","PC_NDI","A","2010",269.75,
"EST","HHWEALTH","TOT","PC_NDI","A","2011",270.96,
"EST","HHWEALTH","TOT","PC_NDI","A","2012",309.4561,
"EST","HHWEALTH","TOT","PC_NDI","A","2013",317.695,
"EST","HHWEALTH","TOT","PC_NDI","A","2014",325.0432,
"EST","HHWEALTH","TOT","PC_NDI","A","2015",311.8965,
"EST","HHWEALTH","TOT","PC_NDI","A","2016",318.9956,
"EST","HHWEALTH","TOT","PC_NDI","A","2017",326.9118,
"EST","HHWEALTH","TOT","PC_NDI","A","2018",326.8221,
"EST","HHWEALTH","TOT","PC_NDI","A","2019",339.2668,
"EST","HHWEALTH","TOT","PC_NDI","A","2020",350.5624,
"CZE","HHWEALTH","TOT","PC_NDI","A","1995",351.1074,
"CZE","HHWEALTH","TOT","PC_NDI","A","1996",341.7422,
"CZE","HHWEALTH","TOT","PC_NDI","A","1997",347.3976,
"CZE","HHWEALTH","TOT","PC_NDI","A","1998",366.1152,
"CZE","HHWEALTH","TOT","PC_NDI","A","1999",365.2494,
"CZE","HHWEALTH","TOT","PC_NDI","A","2000",351.8439,
"CZE","HHWEALTH","TOT","PC_NDI","A","2001",350.0538,
"CZE","HHWEALTH","TOT","PC_NDI","A","2002",351.0174,
"CZE","HHWEALTH","TOT","PC_NDI","A","2003",315.0665,
"CZE","HHWEALTH","TOT","PC_NDI","A","2004",314.6728,
"CZE","HHWEALTH","TOT","PC_NDI","A","2005",310.8621,
"CZE","HHWEALTH","TOT","PC_NDI","A","2006",307.8925,
"CZE","HHWEALTH","TOT","PC_NDI","A","2007",324.3956,
"CZE","HHWEALTH","TOT","PC_NDI","A","2008",325.3851,
"CZE","HHWEALTH","TOT","PC_NDI","A","2009",321.2091,
"CZE","HHWEALTH","TOT","PC_NDI","A","2010",329.783,
"CZE","HHWEALTH","TOT","PC_NDI","A","2011",339.2083,
"CZE","HHWEALTH","TOT","PC_NDI","A","2012",346.1972,
"CZE","HHWEALTH","TOT","PC_NDI","A","2013",359.2237,
"CZE","HHWEALTH","TOT","PC_NDI","A","2014",358.3165,
"CZE","HHWEALTH","TOT","PC_NDI","A","2015",364.5428,
"CZE","HHWEALTH","TOT","PC_NDI","A","2016",371.966,
"CZE","HHWEALTH","TOT","PC_NDI","A","2017",360.7545,
"CZE","HHWEALTH","TOT","PC_NDI","A","2018",362.0995,
"CZE","HHWEALTH","TOT","PC_NDI","A","2019",367.7457,
"CZE","HHWEALTH","TOT","PC_NDI","A","2020",392.228,
"CZE","HHWEALTH","TOT","PC_NDI","A","2021",389.5734,
"CZE","HHWEALTH","TOT","PC_NDI","A","2022",391.5965,
"AUS","HHWEALTH","TOT","PC_NDI","A","1995",319.0668,
"AUS","HHWEALTH","TOT","PC_NDI","A","1996",318.026,
"AUS","HHWEALTH","TOT","PC_NDI","A","1997",326.5153,
"AUS","HHWEALTH","TOT","PC_NDI","A","1998",341.7274,
"AUS","HHWEALTH","TOT","PC_NDI","A","1999",356.7737,
"AUS","HHWEALTH","TOT","PC_NDI","A","2000",354.5496,
"AUS","HHWEALTH","TOT","PC_NDI","A","2001",351.7931,
"AUS","HHWEALTH","TOT","PC_NDI","A","2002",354.5533,
"AUS","HHWEALTH","TOT","PC_NDI","A","2003",364.18,
"AUS","HHWEALTH","TOT","PC_NDI","A","2004",381.5799,
"AUS","HHWEALTH","TOT","PC_NDI","A","2005",404.574,
"AUS","HHWEALTH","TOT","PC_NDI","A","2006",411.6628,
"AUS","HHWEALTH","TOT","PC_NDI","A","2007",409.8888,
"AUS","HHWEALTH","TOT","PC_NDI","A","2008",332.4735,
"AUS","HHWEALTH","TOT","PC_NDI","A","2009",362.202,
"AUS","HHWEALTH","TOT","PC_NDI","A","2010",346.781,
"AUS","HHWEALTH","TOT","PC_NDI","A","2011",321.053,
"AUS","HHWEALTH","TOT","PC_NDI","A","2012",356.3329,
"AUS","HHWEALTH","TOT","PC_NDI","A","2013",365.8615,
"AUS","HHWEALTH","TOT","PC_NDI","A","2014",382.8694,
"AUS","HHWEALTH","TOT","PC_NDI","A","2015",402.2683,
"AUS","HHWEALTH","TOT","PC_NDI","A","2016",428.4666,
"AUS","HHWEALTH","TOT","PC_NDI","A","2017",439.0366,
"AUS","HHWEALTH","TOT","PC_NDI","A","2018",428.007,
"AUS","HHWEALTH","TOT","PC_NDI","A","2019",461.398,
"AUS","HHWEALTH","TOT","PC_NDI","A","2020",470.103,
"AUS","HHWEALTH","TOT","PC_NDI","A","2021",511.5431,
"SVN","HHWEALTH","TOT","PC_NDI","A","1995",309.9673,
"SVN","HHWEALTH","TOT","PC_NDI","A","1996",307.588,
"SVN","HHWEALTH","TOT","PC_NDI","A","1997",295.9495,
"SVN","HHWEALTH","TOT","PC_NDI","A","1998",298.3576,
"SVN","HHWEALTH","TOT","PC_NDI","A","1999",288.4484,
"SVN","HHWEALTH","TOT","PC_NDI","A","2000",279.7703,
"SVN","HHWEALTH","TOT","PC_NDI","A","2001",286.8105,
"SVN","HHWEALTH","TOT","PC_NDI","A","2002",287.8691,
"SVN","HHWEALTH","TOT","PC_NDI","A","2003",295.2319,
"SVN","HHWEALTH","TOT","PC_NDI","A","2004",310.5447,
"SVN","HHWEALTH","TOT","PC_NDI","A","2005",307.9318,
"SVN","HHWEALTH","TOT","PC_NDI","A","2006",314.3541,
"SVN","HHWEALTH","TOT","PC_NDI","A","2007",312.2315,
"SVN","HHWEALTH","TOT","PC_NDI","A","2008",285.8831,
"SVN","HHWEALTH","TOT","PC_NDI","A","2009",298.3781,
"SVN","HHWEALTH","TOT","PC_NDI","A","2010",305.1561,
"SVN","HHWEALTH","TOT","PC_NDI","A","2011",301.515,
"SVN","HHWEALTH","TOT","PC_NDI","A","2012",313.8548,
"SVN","HHWEALTH","TOT","PC_NDI","A","2013",321.6053,
"SVN","HHWEALTH","TOT","PC_NDI","A","2014",326.1846,
"SVN","HHWEALTH","TOT","PC_NDI","A","2015",324.0651,
"SVN","HHWEALTH","TOT","PC_NDI","A","2016",318.2664,
"SVN","HHWEALTH","TOT","PC_NDI","A","2017",315.3926,
"SVN","HHWEALTH","TOT","PC_NDI","A","2018",310.2776,
"SVN","HHWEALTH","TOT","PC_NDI","A","2019",307.2911,
"SVN","HHWEALTH","TOT","PC_NDI","A","2020",315.2642,
"SVN","HHWEALTH","TOT","PC_NDI","A","2021",322.5433,
"USA","HHWEALTH","TOT","PC_NDI","A","1995",473.1068,
"USA","HHWEALTH","TOT","PC_NDI","A","1996",484.5308,
"USA","HHWEALTH","TOT","PC_NDI","A","1997",511.2212,
"USA","HHWEALTH","TOT","PC_NDI","A","1998",529.2027,
"USA","HHWEALTH","TOT","PC_NDI","A","1999",555.4232,
"USA","HHWEALTH","TOT","PC_NDI","A","2000",515.1071,
"USA","HHWEALTH","TOT","PC_NDI","A","2001",496.1331,
"USA","HHWEALTH","TOT","PC_NDI","A","2002",458.6149,
"USA","HHWEALTH","TOT","PC_NDI","A","2003",486.3138,
"USA","HHWEALTH","TOT","PC_NDI","A","2004",517.0317,
"USA","HHWEALTH","TOT","PC_NDI","A","2005",538.4704,
"USA","HHWEALTH","TOT","PC_NDI","A","2006",551.5099,
"USA","HHWEALTH","TOT","PC_NDI","A","2007",550.8171,
"USA","HHWEALTH","TOT","PC_NDI","A","2008",463.7925,
"USA","HHWEALTH","TOT","PC_NDI","A","2009",484.2627,
"USA","HHWEALTH","TOT","PC_NDI","A","2010",509.7158,
"USA","HHWEALTH","TOT","PC_NDI","A","2011",499.7442,
"USA","HHWEALTH","TOT","PC_NDI","A","2012",514.1654,
"USA","HHWEALTH","TOT","PC_NDI","A","2013",577.0779,
"USA","HHWEALTH","TOT","PC_NDI","A","2014",588.8329,
"USA","HHWEALTH","TOT","PC_NDI","A","2015",579.2542,
"USA","HHWEALTH","TOT","PC_NDI","A","2016",593.6747,
"USA","HHWEALTH","TOT","PC_NDI","A","2017",619.6666,
"USA","HHWEALTH","TOT","PC_NDI","A","2018",586.2301,
"USA","HHWEALTH","TOT","PC_NDI","A","2019",630.038,
"USA","HHWEALTH","TOT","PC_NDI","A","2020",656.8097,
"USA","HHWEALTH","TOT","PC_NDI","A","2021",708.356,
"NLD","HHWEALTH","TOT","PC_NDI","A","1995",507.0816,
"NLD","HHWEALTH","TOT","PC_NDI","A","1996",511.9841,
"NLD","HHWEALTH","TOT","PC_NDI","A","1997",508.3741,
"NLD","HHWEALTH","TOT","PC_NDI","A","1998",504.2934,
"NLD","HHWEALTH","TOT","PC_NDI","A","1999",518.9652,
"NLD","HHWEALTH","TOT","PC_NDI","A","2000",520.181,
"NLD","HHWEALTH","TOT","PC_NDI","A","2001",486.7379,
"NLD","HHWEALTH","TOT","PC_NDI","A","2002",489.0896,
"NLD","HHWEALTH","TOT","PC_NDI","A","2003",509.3144,
"NLD","HHWEALTH","TOT","PC_NDI","A","2004",509.111,
"NLD","HHWEALTH","TOT","PC_NDI","A","2005",526.7914,
"NLD","HHWEALTH","TOT","PC_NDI","A","2006",511.1811,
"NLD","HHWEALTH","TOT","PC_NDI","A","2007",488.1277,
"NLD","HHWEALTH","TOT","PC_NDI","A","2008",516.6362,
"NLD","HHWEALTH","TOT","PC_NDI","A","2009",530.8941,
"NLD","HHWEALTH","TOT","PC_NDI","A","2010",561.5335,
"NLD","HHWEALTH","TOT","PC_NDI","A","2011",584.339,
"NLD","HHWEALTH","TOT","PC_NDI","A","2012",609.4123,
"NLD","HHWEALTH","TOT","PC_NDI","A","2013",594.7532,
"NLD","HHWEALTH","TOT","PC_NDI","A","2014",657.7374,
"NLD","HHWEALTH","TOT","PC_NDI","A","2015",672.5978,
"NLD","HHWEALTH","TOT","PC_NDI","A","2016",702.7889,
"NLD","HHWEALTH","TOT","PC_NDI","A","2017",686.7133,
"NLD","HHWEALTH","TOT","PC_NDI","A","2018",678.2853,
"NLD","HHWEALTH","TOT","PC_NDI","A","2019",738.7458,
"NLD","HHWEALTH","TOT","PC_NDI","A","2020",795.0381,
"NLD","HHWEALTH","TOT","PC_NDI","A","2021",762.2569,
"GBR","HHWEALTH","TOT","PC_NDI","A","1995",370.4242,
"GBR","HHWEALTH","TOT","PC_NDI","A","1996",374.0679,
"GBR","HHWEALTH","TOT","PC_NDI","A","1997",388.2156,
"GBR","HHWEALTH","TOT","PC_NDI","A","1998",444.4147,
"GBR","HHWEALTH","TOT","PC_NDI","A","1999",452.5496,
"GBR","HHWEALTH","TOT","PC_NDI","A","2000",443.0895,
"GBR","HHWEALTH","TOT","PC_NDI","A","2001",412.1091,
"GBR","HHWEALTH","TOT","PC_NDI","A","2002",390.9124,
"GBR","HHWEALTH","TOT","PC_NDI","A","2003",395.4356,
"GBR","HHWEALTH","TOT","PC_NDI","A","2004",397.8782,
"GBR","HHWEALTH","TOT","PC_NDI","A","2005",421.9876,
"GBR","HHWEALTH","TOT","PC_NDI","A","2006",412.5211,
"GBR","HHWEALTH","TOT","PC_NDI","A","2007",409.319,
"GBR","HHWEALTH","TOT","PC_NDI","A","2008",388.0497,
"GBR","HHWEALTH","TOT","PC_NDI","A","2009",414.4557,
"GBR","HHWEALTH","TOT","PC_NDI","A","2010",427.6355,
"GBR","HHWEALTH","TOT","PC_NDI","A","2011",459.5169,
"GBR","HHWEALTH","TOT","PC_NDI","A","2012",459.9799,
"GBR","HHWEALTH","TOT","PC_NDI","A","2013",448.0047,
"GBR","HHWEALTH","TOT","PC_NDI","A","2014",481.8391,
"GBR","HHWEALTH","TOT","PC_NDI","A","2015",458.6263,
"GBR","HHWEALTH","TOT","PC_NDI","A","2016",492.6669,
"GBR","HHWEALTH","TOT","PC_NDI","A","2017",497.0479,
"GBR","HHWEALTH","TOT","PC_NDI","A","2018",460.1042,
"GBR","HHWEALTH","TOT","PC_NDI","A","2019",476.356,
"GBR","HHWEALTH","TOT","PC_NDI","A","2020",506.8535,
"GBR","HHWEALTH","TOT","PC_NDI","A","2021",499.3336,
"JPN","HHWEALTH","TOT","PC_NDI","A","1995",430.7889,
"JPN","HHWEALTH","TOT","PC_NDI","A","1996",438.9969,
"JPN","HHWEALTH","TOT","PC_NDI","A","1997",440.6497,
"JPN","HHWEALTH","TOT","PC_NDI","A","1998",449.8233,
"JPN","HHWEALTH","TOT","PC_NDI","A","1999",476.2316,
"JPN","HHWEALTH","TOT","PC_NDI","A","2000",487.0354,
"JPN","HHWEALTH","TOT","PC_NDI","A","2001",506.3971,
"JPN","HHWEALTH","TOT","PC_NDI","A","2002",513.9771,
"JPN","HHWEALTH","TOT","PC_NDI","A","2003",530.0106,
"JPN","HHWEALTH","TOT","PC_NDI","A","2004",530.1735,
"JPN","HHWEALTH","TOT","PC_NDI","A","2005",553.5557,
"JPN","HHWEALTH","TOT","PC_NDI","A","2006",555.7252,
"JPN","HHWEALTH","TOT","PC_NDI","A","2007",525.433,
"JPN","HHWEALTH","TOT","PC_NDI","A","2008",516.4527,
"JPN","HHWEALTH","TOT","PC_NDI","A","2009",536.8096,
"JPN","HHWEALTH","TOT","PC_NDI","A","2010",544.3638,
"JPN","HHWEALTH","TOT","PC_NDI","A","2011",552.7866,
"JPN","HHWEALTH","TOT","PC_NDI","A","2012",571.2094,
"JPN","HHWEALTH","TOT","PC_NDI","A","2013",584.4313,
"JPN","HHWEALTH","TOT","PC_NDI","A","2014",611.2513,
"JPN","HHWEALTH","TOT","PC_NDI","A","2015",601.1191,
"JPN","HHWEALTH","TOT","PC_NDI","A","2016",605.024,
"JPN","HHWEALTH","TOT","PC_NDI","A","2017",618.3096,
"JPN","HHWEALTH","TOT","PC_NDI","A","2018",608.7599,
"JPN","HHWEALTH","TOT","PC_NDI","A","2019",589.8279,
"JPN","HHWEALTH","TOT","PC_NDI","A","2020",605.1835,
"JPN","HHWEALTH","TOT","PC_NDI","A","2021",649.809,
"CAN","HHWEALTH","TOT","PC_NDI","A","1995",403.8771,
"CAN","HHWEALTH","TOT","PC_NDI","A","1996",442.4081,
"CAN","HHWEALTH","TOT","PC_NDI","A","1997",461.318,
"CAN","HHWEALTH","TOT","PC_NDI","A","1998",456.3354,
"CAN","HHWEALTH","TOT","PC_NDI","A","1999",465.6125,
"CAN","HHWEALTH","TOT","PC_NDI","A","2000",452.575,
"CAN","HHWEALTH","TOT","PC_NDI","A","2001",425.8182,
"CAN","HHWEALTH","TOT","PC_NDI","A","2002",408.05,
"CAN","HHWEALTH","TOT","PC_NDI","A","2003",429.6108,
"CAN","HHWEALTH","TOT","PC_NDI","A","2004",426.3905,
"CAN","HHWEALTH","TOT","PC_NDI","A","2005",462.8172,
"CAN","HHWEALTH","TOT","PC_NDI","A","2006",479.8739,
"CAN","HHWEALTH","TOT","PC_NDI","A","2007",478.3515,
"CAN","HHWEALTH","TOT","PC_NDI","A","2008",428.26,
"CAN","HHWEALTH","TOT","PC_NDI","A","2009",466.5776,
"CAN","HHWEALTH","TOT","PC_NDI","A","2010",488.8806,
"CAN","HHWEALTH","TOT","PC_NDI","A","2011",488.1241,
"CAN","HHWEALTH","TOT","PC_NDI","A","2012",505.902,
"CAN","HHWEALTH","TOT","PC_NDI","A","2013",515.0967,
"CAN","HHWEALTH","TOT","PC_NDI","A","2014",549.6069,
"CAN","HHWEALTH","TOT","PC_NDI","A","2015",550.1665,
"CAN","HHWEALTH","TOT","PC_NDI","A","2016",589.087,
"CAN","HHWEALTH","TOT","PC_NDI","A","2017",601.6872,
"CAN","HHWEALTH","TOT","PC_NDI","A","2018",596.286,
"CAN","HHWEALTH","TOT","PC_NDI","A","2019",627.3892,
"CAN","HHWEALTH","TOT","PC_NDI","A","2020",629.6995,
"CAN","HHWEALTH","TOT","PC_NDI","A","2021",677.8715,
"CAN","HHWEALTH","TOT","PC_NDI","A","2022",639.8688,
"LUX","HHWEALTH","TOT","PC_NDI","A","1995",355.0448,
"LUX","HHWEALTH","TOT","PC_NDI","A","1996",369.074,
"LUX","HHWEALTH","TOT","PC_NDI","A","1997",366.3541,
"LUX","HHWEALTH","TOT","PC_NDI","A","1998",359.8216,
"LUX","HHWEALTH","TOT","PC_NDI","A","1999",341.0673,
"LUX","HHWEALTH","TOT","PC_NDI","A","2000",333.5574,
"LUX","HHWEALTH","TOT","PC_NDI","A","2001",332.7168,
"LUX","HHWEALTH","TOT","PC_NDI","A","2002",316.7924,
"LUX","HHWEALTH","TOT","PC_NDI","A","2003",334.755,
"LUX","HHWEALTH","TOT","PC_NDI","A","2004",353.2856,
"LUX","HHWEALTH","TOT","PC_NDI","A","2005",360.5868,
"LUX","HHWEALTH","TOT","PC_NDI","A","2006",367.9524,
"LUX","HHWEALTH","TOT","PC_NDI","A","2007",384.8893,
"LUX","HHWEALTH","TOT","PC_NDI","A","2008",386.4625,
"LUX","HHWEALTH","TOT","PC_NDI","A","2009",412.7839,
"LUX","HHWEALTH","TOT","PC_NDI","A","2010",415.9634,
"LUX","HHWEALTH","TOT","PC_NDI","A","2011",391.0426,
"LUX","HHWEALTH","TOT","PC_NDI","A","2012",384.3902,
"LUX","HHWEALTH","TOT","PC_NDI","A","2013",389.7844,
"LUX","HHWEALTH","TOT","PC_NDI","A","2014",410.2944,
"LUX","HHWEALTH","TOT","PC_NDI","A","2015",431.7891,
"LUX","HHWEALTH","TOT","PC_NDI","A","2016",438.144,
"LUX","HHWEALTH","TOT","PC_NDI","A","2017",418.4611,
"LUX","HHWEALTH","TOT","PC_NDI","A","2018",413.2735,
"LUX","HHWEALTH","TOT","PC_NDI","A","2019",429.5559,
"LUX","HHWEALTH","TOT","PC_NDI","A","2020",420.3564,
"LUX","HHWEALTH","TOT","PC_NDI","A","2021",442.8676,
"FRA","HHWEALTH","TOT","PC_NDI","A","1995",373.2271,
"FRA","HHWEALTH","TOT","PC_NDI","A","1996",407.1557,
"FRA","HHWEALTH","TOT","PC_NDI","A","1997",418.739,
"FRA","HHWEALTH","TOT","PC_NDI","A","1998",424.8421,
"FRA","HHWEALTH","TOT","PC_NDI","A","1999",450.5993,
"FRA","HHWEALTH","TOT","PC_NDI","A","2000",440.5521,
"FRA","HHWEALTH","TOT","PC_NDI","A","2001",416.3298,
"FRA","HHWEALTH","TOT","PC_NDI","A","2002",405.7952,
"FRA","HHWEALTH","TOT","PC_NDI","A","2003",422.554,
"FRA","HHWEALTH","TOT","PC_NDI","A","2004",430.9861,
"FRA","HHWEALTH","TOT","PC_NDI","A","2005",448.1996,
"FRA","HHWEALTH","TOT","PC_NDI","A","2006",468.4527,
"FRA","HHWEALTH","TOT","PC_NDI","A","2007",470.6888,
"FRA","HHWEALTH","TOT","PC_NDI","A","2008",440.7148,
"FRA","HHWEALTH","TOT","PC_NDI","A","2009",460.4913,
"FRA","HHWEALTH","TOT","PC_NDI","A","2010",471.1666,
"FRA","HHWEALTH","TOT","PC_NDI","A","2011",473.5896,
"FRA","HHWEALTH","TOT","PC_NDI","A","2012",491.871,
"FRA","HHWEALTH","TOT","PC_NDI","A","2013",510.5922,
"FRA","HHWEALTH","TOT","PC_NDI","A","2014",519.5697,
"FRA","HHWEALTH","TOT","PC_NDI","A","2015",533.0162,
"FRA","HHWEALTH","TOT","PC_NDI","A","2016",547.6226,
"FRA","HHWEALTH","TOT","PC_NDI","A","2017",555.9926,
"FRA","HHWEALTH","TOT","PC_NDI","A","2018",538.493,
"FRA","HHWEALTH","TOT","PC_NDI","A","2019",561.8247,
"FRA","HHWEALTH","TOT","PC_NDI","A","2020",581.2401,
"FRA","HHWEALTH","TOT","PC_NDI","A","2021",613.2616,
"FIN","HHWEALTH","TOT","PC_NDI","A","1995",258.7082,
"FIN","HHWEALTH","TOT","PC_NDI","A","1996",274.1167,
"FIN","HHWEALTH","TOT","PC_NDI","A","1997",286.2455,
"FIN","HHWEALTH","TOT","PC_NDI","A","1998",311.3861,
"FIN","HHWEALTH","TOT","PC_NDI","A","1999",342.8164,
"FIN","HHWEALTH","TOT","PC_NDI","A","2000",357.9898,
"FIN","HHWEALTH","TOT","PC_NDI","A","2001",346.7619,
"FIN","HHWEALTH","TOT","PC_NDI","A","2002",320.4187,
"FIN","HHWEALTH","TOT","PC_NDI","A","2003",324.1124,
"FIN","HHWEALTH","TOT","PC_NDI","A","2004",323.4506,
"FIN","HHWEALTH","TOT","PC_NDI","A","2005",345.5161,
"FIN","HHWEALTH","TOT","PC_NDI","A","2006",354.5915,
"FIN","HHWEALTH","TOT","PC_NDI","A","2007",351.0046,
"FIN","HHWEALTH","TOT","PC_NDI","A","2008",316.0181,
"FIN","HHWEALTH","TOT","PC_NDI","A","2009",325.313,
"FIN","HHWEALTH","TOT","PC_NDI","A","2010",324.8088,
"FIN","HHWEALTH","TOT","PC_NDI","A","2011",307.8189,
"FIN","HHWEALTH","TOT","PC_NDI","A","2012",327.4532,
"FIN","HHWEALTH","TOT","PC_NDI","A","2013",345.8713,
"FIN","HHWEALTH","TOT","PC_NDI","A","2014",359.2961,
"FIN","HHWEALTH","TOT","PC_NDI","A","2015",364.4214,
"FIN","HHWEALTH","TOT","PC_NDI","A","2016",368.4065,
"FIN","HHWEALTH","TOT","PC_NDI","A","2017",376.0565,
"FIN","HHWEALTH","TOT","PC_NDI","A","2018",369.6209,
"FIN","HHWEALTH","TOT","PC_NDI","A","2019",391.8651,
"FIN","HHWEALTH","TOT","PC_NDI","A","2020",407.7798,
"FIN","HHWEALTH","TOT","PC_NDI","A","2021",427.6716,
"ITA","HHWEALTH","TOT","PC_NDI","A","1995",392.8045,
"ITA","HHWEALTH","TOT","PC_NDI","A","1996",400.3824,
"ITA","HHWEALTH","TOT","PC_NDI","A","1997",435.6607,
"ITA","HHWEALTH","TOT","PC_NDI","A","1998",478.2733,
"ITA","HHWEALTH","TOT","PC_NDI","A","1999",494.86,
"ITA","HHWEALTH","TOT","PC_NDI","A","2000",506.6105,
"ITA","HHWEALTH","TOT","PC_NDI","A","2001",483.4899,
"ITA","HHWEALTH","TOT","PC_NDI","A","2002",482.939,
"ITA","HHWEALTH","TOT","PC_NDI","A","2003",480.8448,
"ITA","HHWEALTH","TOT","PC_NDI","A","2004",492.8378,
"ITA","HHWEALTH","TOT","PC_NDI","A","2005",527.7242,
"ITA","HHWEALTH","TOT","PC_NDI","A","2006",547.2952,
"ITA","HHWEALTH","TOT","PC_NDI","A","2007",513.5657,
"ITA","HHWEALTH","TOT","PC_NDI","A","2008",496.0979,
"ITA","HHWEALTH","TOT","PC_NDI","A","2009",512.7629,
"ITA","HHWEALTH","TOT","PC_NDI","A","2010",512.7474,
"ITA","HHWEALTH","TOT","PC_NDI","A","2011",502.1895,
"ITA","HHWEALTH","TOT","PC_NDI","A","2012",552.0184,
"ITA","HHWEALTH","TOT","PC_NDI","A","2013",563.689,
"ITA","HHWEALTH","TOT","PC_NDI","A","2014",575.2614,
"ITA","HHWEALTH","TOT","PC_NDI","A","2015",582.2238,
"ITA","HHWEALTH","TOT","PC_NDI","A","2016",577.9613,
"ITA","HHWEALTH","TOT","PC_NDI","A","2017",585.8189,
"ITA","HHWEALTH","TOT","PC_NDI","A","2018",561.3942,
"ITA","HHWEALTH","TOT","PC_NDI","A","2019",589.8759,
"ITA","HHWEALTH","TOT","PC_NDI","A","2020",626.1495,
"ITA","HHWEALTH","TOT","PC_NDI","A","2021",653.4667,
"POL","HHWEALTH","TOT","PC_NDI","A","1995",108.3218,
"POL","HHWEALTH","TOT","PC_NDI","A","1996",106.831,
"POL","HHWEALTH","TOT","PC_NDI","A","1997",109.5118,
"POL","HHWEALTH","TOT","PC_NDI","A","1998",119.2721,
"POL","HHWEALTH","TOT","PC_NDI","A","1999",123.4531,
"POL","HHWEALTH","TOT","PC_NDI","A","2000",120.2313,
"POL","HHWEALTH","TOT","PC_NDI","A","2001",113.0795,
"POL","HHWEALTH","TOT","PC_NDI","A","2002",114.9406,
"POL","HHWEALTH","TOT","PC_NDI","A","2003",147.7723,
"POL","HHWEALTH","TOT","PC_NDI","A","2004",151.676,
"POL","HHWEALTH","TOT","PC_NDI","A","2005",161.1374,
"POL","HHWEALTH","TOT","PC_NDI","A","2006",161.6913,
"POL","HHWEALTH","TOT","PC_NDI","A","2007",165.5548,
"POL","HHWEALTH","TOT","PC_NDI","A","2008",134.5079,
"POL","HHWEALTH","TOT","PC_NDI","A","2009",135.5219,
"POL","HHWEALTH","TOT","PC_NDI","A","2010",136.5965,
"POL","HHWEALTH","TOT","PC_NDI","A","2011",134.4358,
"POL","HHWEALTH","TOT","PC_NDI","A","2012",143.5688,
"POL","HHWEALTH","TOT","PC_NDI","A","2013",152.7336,
"POL","HHWEALTH","TOT","PC_NDI","A","2014",155.2289,
"POL","HHWEALTH","TOT","PC_NDI","A","2015",160.7458,
"POL","HHWEALTH","TOT","PC_NDI","A","2016",165.7422,
"POL","HHWEALTH","TOT","PC_NDI","A","2017",163.2143,
"POL","HHWEALTH","TOT","PC_NDI","A","2018",162.026,
"POL","HHWEALTH","TOT","PC_NDI","A","2019",160.1593,
"BEL","HHWEALTH","TOT","PC_NDI","A","1995",527.2327,
"BEL","HHWEALTH","TOT","PC_NDI","A","1996",560.5812,
"BEL","HHWEALTH","TOT","PC_NDI","A","1997",585.7003,
"BEL","HHWEALTH","TOT","PC_NDI","A","1998",591.0121,
"BEL","HHWEALTH","TOT","PC_NDI","A","1999",623.733,
"BEL","HHWEALTH","TOT","PC_NDI","A","2000",603.4872,
"BEL","HHWEALTH","TOT","PC_NDI","A","2001",589.6854,
"BEL","HHWEALTH","TOT","PC_NDI","A","2002",561.6216,
"BEL","HHWEALTH","TOT","PC_NDI","A","2003",580.2659,
"BEL","HHWEALTH","TOT","PC_NDI","A","2004",613.3735,
"BEL","HHWEALTH","TOT","PC_NDI","A","2005",638.2623,
"BEL","HHWEALTH","TOT","PC_NDI","A","2006",631.4677,
"BEL","HHWEALTH","TOT","PC_NDI","A","2007",621.5638,
"BEL","HHWEALTH","TOT","PC_NDI","A","2008",572.1365,
"BEL","HHWEALTH","TOT","PC_NDI","A","2009",616.6937,
"BEL","HHWEALTH","TOT","PC_NDI","A","2010",643.433,
"BEL","HHWEALTH","TOT","PC_NDI","A","2011",632.6113,
"BEL","HHWEALTH","TOT","PC_NDI","A","2012",642.4483,
"BEL","HHWEALTH","TOT","PC_NDI","A","2013",652.2764,
"BEL","HHWEALTH","TOT","PC_NDI","A","2014",669.1803,
"BEL","HHWEALTH","TOT","PC_NDI","A","2015",682.4771,
"BEL","HHWEALTH","TOT","PC_NDI","A","2016",685.0029,
"BEL","HHWEALTH","TOT","PC_NDI","A","2017",672.2722,
"BEL","HHWEALTH","TOT","PC_NDI","A","2018",646.8352,
"BEL","HHWEALTH","TOT","PC_NDI","A","2019",664.098,
"BEL","HHWEALTH","TOT","PC_NDI","A","2020",675.27,
"BEL","HHWEALTH","TOT","PC_NDI","A","2021",686.9203,
"DEU","HHWEALTH","TOT","PC_NDI","A","1995",315.7014,
"DEU","HHWEALTH","TOT","PC_NDI","A","1996",323.6611,
"DEU","HHWEALTH","TOT","PC_NDI","A","1997",337.7769,
"DEU","HHWEALTH","TOT","PC_NDI","A","1998",349.532,
"DEU","HHWEALTH","TOT","PC_NDI","A","1999",359.5889,
"DEU","HHWEALTH","TOT","PC_NDI","A","2000",363.2665,
"DEU","HHWEALTH","TOT","PC_NDI","A","2001",356.8474,
"DEU","HHWEALTH","TOT","PC_NDI","A","2002",355.6972,
"DEU","HHWEALTH","TOT","PC_NDI","A","2003",365.2098,
"DEU","HHWEALTH","TOT","PC_NDI","A","2004",375.2159,
"DEU","HHWEALTH","TOT","PC_NDI","A","2005",390.0267,
"DEU","HHWEALTH","TOT","PC_NDI","A","2006",388.9644,
"DEU","HHWEALTH","TOT","PC_NDI","A","2007",414.2676,
"DEU","HHWEALTH","TOT","PC_NDI","A","2008",401.5665,
"DEU","HHWEALTH","TOT","PC_NDI","A","2009",420.8963,
"DEU","HHWEALTH","TOT","PC_NDI","A","2010",427.646,
"DEU","HHWEALTH","TOT","PC_NDI","A","2011",424.1301,
"DEU","HHWEALTH","TOT","PC_NDI","A","2012",436.8998,
"DEU","HHWEALTH","TOT","PC_NDI","A","2013",452.6975,
"DEU","HHWEALTH","TOT","PC_NDI","A","2014",462.4353,
"DEU","HHWEALTH","TOT","PC_NDI","A","2015",468.6908,
"DEU","HHWEALTH","TOT","PC_NDI","A","2016",471.558,
"DEU","HHWEALTH","TOT","PC_NDI","A","2017",479.5103,
"DEU","HHWEALTH","TOT","PC_NDI","A","2018",476.7314,
"DEU","HHWEALTH","TOT","PC_NDI","A","2019",500.0344,
"DEU","HHWEALTH","TOT","PC_NDI","A","2020",517.8322,
"DEU","HHWEALTH","TOT","PC_NDI","A","2021",554.6696,
"SWE","HHWEALTH","TOT","PC_NDI","A","1995",228.009,
"SWE","HHWEALTH","TOT","PC_NDI","A","1996",270.1902,
"SWE","HHWEALTH","TOT","PC_NDI","A","1997",324.8855,
"SWE","HHWEALTH","TOT","PC_NDI","A","1998",354.6739,
"SWE","HHWEALTH","TOT","PC_NDI","A","1999",409.5311,
"SWE","HHWEALTH","TOT","PC_NDI","A","2000",395.9106,
"SWE","HHWEALTH","TOT","PC_NDI","A","2001",361.8783,
"SWE","HHWEALTH","TOT","PC_NDI","A","2002",349.8527,
"SWE","HHWEALTH","TOT","PC_NDI","A","2003",381.6864,
"SWE","HHWEALTH","TOT","PC_NDI","A","2004",399.2427,
"SWE","HHWEALTH","TOT","PC_NDI","A","2005",455.0576,
"SWE","HHWEALTH","TOT","PC_NDI","A","2006",481.3065,
"SWE","HHWEALTH","TOT","PC_NDI","A","2007",461.5789,
"SWE","HHWEALTH","TOT","PC_NDI","A","2008",412.9656,
"SWE","HHWEALTH","TOT","PC_NDI","A","2009",448.8596,
"SWE","HHWEALTH","TOT","PC_NDI","A","2010",475.3922,
"SWE","HHWEALTH","TOT","PC_NDI","A","2011",432.2158,
"SWE","HHWEALTH","TOT","PC_NDI","A","2012",434.0796,
"SWE","HHWEALTH","TOT","PC_NDI","A","2013",471.7364,
"SWE","HHWEALTH","TOT","PC_NDI","A","2014",525.9233,
"SWE","HHWEALTH","TOT","PC_NDI","A","2015",550.8762,
"SWE","HHWEALTH","TOT","PC_NDI","A","2016",580.2997,
"SWE","HHWEALTH","TOT","PC_NDI","A","2017",594.496,
"SWE","HHWEALTH","TOT","PC_NDI","A","2018",562.7352,
"SWE","HHWEALTH","TOT","PC_NDI","A","2019",619.7303,
"SWE","HHWEALTH","TOT","PC_NDI","A","2020",686.8784,
"SWE","HHWEALTH","TOT","PC_NDI","A","2021",748.4745,
"DNK","HHWEALTH","TOT","PC_NDI","A","1995",344.2535,
"DNK","HHWEALTH","TOT","PC_NDI","A","1996",364.7772,
"DNK","HHWEALTH","TOT","PC_NDI","A","1997",403.3148,
"DNK","HHWEALTH","TOT","PC_NDI","A","1998",403.8329,
"DNK","HHWEALTH","TOT","PC_NDI","A","1999",461.7084,
"DNK","HHWEALTH","TOT","PC_NDI","A","2000",456.5855,
"DNK","HHWEALTH","TOT","PC_NDI","A","2001",412.0347,
"DNK","HHWEALTH","TOT","PC_NDI","A","2002",384.2848,
"DNK","HHWEALTH","TOT","PC_NDI","A","2003",400.2106,
"DNK","HHWEALTH","TOT","PC_NDI","A","2004",416.1614,
"DNK","HHWEALTH","TOT","PC_NDI","A","2005",494.6431,
"DNK","HHWEALTH","TOT","PC_NDI","A","2006",526.9345,
"DNK","HHWEALTH","TOT","PC_NDI","A","2007",513.9355,
"DNK","HHWEALTH","TOT","PC_NDI","A","2008",428.417,
"DNK","HHWEALTH","TOT","PC_NDI","A","2009",422.8199,
"DNK","HHWEALTH","TOT","PC_NDI","A","2010",452.3412,
"DNK","HHWEALTH","TOT","PC_NDI","A","2011",447.9567,
"DNK","HHWEALTH","TOT","PC_NDI","A","2012",498.4937,
"DNK","HHWEALTH","TOT","PC_NDI","A","2013",509.4614,
"DNK","HHWEALTH","TOT","PC_NDI","A","2014",552.8384,
"DNK","HHWEALTH","TOT","PC_NDI","A","2015",568.4469,
"DNK","HHWEALTH","TOT","PC_NDI","A","2016",697.3796,
"DNK","HHWEALTH","TOT","PC_NDI","A","2017",707.9941,
"DNK","HHWEALTH","TOT","PC_NDI","A","2018",681.4474,
"DNK","HHWEALTH","TOT","PC_NDI","A","2019",748.3281,
"DNK","HHWEALTH","TOT","PC_NDI","A","2020",810.2746,
"DNK","HHWEALTH","TOT","PC_NDI","A","2021",958.9292,
"CHL","HHWEALTH","TOT","PC_NDI","A","2003",332.8558,
"CHL","HHWEALTH","TOT","PC_NDI","A","2004",337.497,
"CHL","HHWEALTH","TOT","PC_NDI","A","2005",330.088,
"CHL","HHWEALTH","TOT","PC_NDI","A","2006",328.9897,
"CHL","HHWEALTH","TOT","PC_NDI","A","2007",344.2132,
"CHL","HHWEALTH","TOT","PC_NDI","A","2008",308.4835,
"CHL","HHWEALTH","TOT","PC_NDI","A","2009",336.7873,
"CHL","HHWEALTH","TOT","PC_NDI","A","2010",326.4936,
"CHL","HHWEALTH","TOT","PC_NDI","A","2011",302.9526,
"CHL","HHWEALTH","TOT","PC_NDI","A","2012",290.0569,
"CHL","HHWEALTH","TOT","PC_NDI","A","2013",295.3806,
"CHL","HHWEALTH","TOT","PC_NDI","A","2014",316.8598,
"CHL","HHWEALTH","TOT","PC_NDI","A","2015",323.4274,
"CHL","HHWEALTH","TOT","PC_NDI","A","2016",317.5138,
"CHL","HHWEALTH","TOT","PC_NDI","A","2017",327.3886,
"CHL","HHWEALTH","TOT","PC_NDI","A","2018",327.7855,
"CHL","HHWEALTH","TOT","PC_NDI","A","2019",345.5222,
"CHL","HHWEALTH","TOT","PC_NDI","A","2020",314.0336,
"CHL","HHWEALTH","TOT","PC_NDI","A","2021",293.2945,
"NOR","HHWEALTH","TOT","PC_NDI","A","1995",245.8278,
"NOR","HHWEALTH","TOT","PC_NDI","A","1996",251.4821,
"NOR","HHWEALTH","TOT","PC_NDI","A","1997",258.7792,
"NOR","HHWEALTH","TOT","PC_NDI","A","1998",246.0315,
"NOR","HHWEALTH","TOT","PC_NDI","A","1999",256.5576,
"NOR","HHWEALTH","TOT","PC_NDI","A","2000",256.4751,
"NOR","HHWEALTH","TOT","PC_NDI","A","2001",261.1789,
"NOR","HHWEALTH","TOT","PC_NDI","A","2002",244.244,
"NOR","HHWEALTH","TOT","PC_NDI","A","2003",241.5384,
"NOR","HHWEALTH","TOT","PC_NDI","A","2004",255.8903,
"NOR","HHWEALTH","TOT","PC_NDI","A","2005",264.9477,
"NOR","HHWEALTH","TOT","PC_NDI","A","2006",307.1406,
"NOR","HHWEALTH","TOT","PC_NDI","A","2007",316.8099,
"NOR","HHWEALTH","TOT","PC_NDI","A","2008",295.4156,
"NOR","HHWEALTH","TOT","PC_NDI","A","2009",301.1976,
"NOR","HHWEALTH","TOT","PC_NDI","A","2010",302.5113,
"NOR","HHWEALTH","TOT","PC_NDI","A","2011",301.7741,
"NOR","HHWEALTH","TOT","PC_NDI","A","2012",306.13,
"NOR","HHWEALTH","TOT","PC_NDI","A","2013",309.9225,
"NOR","HHWEALTH","TOT","PC_NDI","A","2014",318.8213,
"NOR","HHWEALTH","TOT","PC_NDI","A","2015",314.9655,
"NOR","HHWEALTH","TOT","PC_NDI","A","2016",328.7549,
"NOR","HHWEALTH","TOT","PC_NDI","A","2017",337.9203,
"NOR","HHWEALTH","TOT","PC_NDI","A","2018",338.924,
"NOR","HHWEALTH","TOT","PC_NDI","A","2019",350.8652,
"NOR","HHWEALTH","TOT","PC_NDI","A","2020",370.6601,
"GRC","HHWEALTH","TOT","PC_NDI","A","1995",357.7452,
"GRC","HHWEALTH","TOT","PC_NDI","A","1996",364.4657,
"GRC","HHWEALTH","TOT","PC_NDI","A","1997",394.2156,
"GRC","HHWEALTH","TOT","PC_NDI","A","1998",416.0724,
"GRC","HHWEALTH","TOT","PC_NDI","A","1999",507.5639,
"GRC","HHWEALTH","TOT","PC_NDI","A","2000",446.9465,
"GRC","HHWEALTH","TOT","PC_NDI","A","2001",409.9827,
"GRC","HHWEALTH","TOT","PC_NDI","A","2002",377.0677,
"GRC","HHWEALTH","TOT","PC_NDI","A","2003",359.4781,
"GRC","HHWEALTH","TOT","PC_NDI","A","2004",359.8544,
"GRC","HHWEALTH","TOT","PC_NDI","A","2005",383.7563,
"GRC","HHWEALTH","TOT","PC_NDI","A","2006",380.2661,
"GRC","HHWEALTH","TOT","PC_NDI","A","2007",374.9548,
"GRC","HHWEALTH","TOT","PC_NDI","A","2008",319.6659,
"GRC","HHWEALTH","TOT","PC_NDI","A","2009",317.5412,
"GRC","HHWEALTH","TOT","PC_NDI","A","2010",318.0253,
"GRC","HHWEALTH","TOT","PC_NDI","A","2011",329.9374,
"GRC","HHWEALTH","TOT","PC_NDI","A","2012",368.4424,
"GRC","HHWEALTH","TOT","PC_NDI","A","2013",423.0504,
"GRC","HHWEALTH","TOT","PC_NDI","A","2014",409.436,
"GRC","HHWEALTH","TOT","PC_NDI","A","2015",393.5415,
"GRC","HHWEALTH","TOT","PC_NDI","A","2016",386.3635,
"GRC","HHWEALTH","TOT","PC_NDI","A","2017",396.3607,
"GRC","HHWEALTH","TOT","PC_NDI","A","2018",365.4583,
"GRC","HHWEALTH","TOT","PC_NDI","A","2019",362.2225,
"GRC","HHWEALTH","TOT","PC_NDI","A","2020",382.1994,
"KOR","HHWEALTH","TOT","PC_NDI","A","2008",272.5365,
"KOR","HHWEALTH","TOT","PC_NDI","A","2009",305.4251,
"KOR","HHWEALTH","TOT","PC_NDI","A","2010",319.0108,
"KOR","HHWEALTH","TOT","PC_NDI","A","2011",312.853,
"KOR","HHWEALTH","TOT","PC_NDI","A","2012",321.9216,
"KOR","HHWEALTH","TOT","PC_NDI","A","2013",324.7779,
"KOR","HHWEALTH","TOT","PC_NDI","A","2014",335.4108,
"KOR","HHWEALTH","TOT","PC_NDI","A","2015",337.4863,
"KOR","HHWEALTH","TOT","PC_NDI","A","2016",346.2939,
"KOR","HHWEALTH","TOT","PC_NDI","A","2017",362.096,
"KOR","HHWEALTH","TOT","PC_NDI","A","2018",357.8392,
"KOR","HHWEALTH","TOT","PC_NDI","A","2019",372.4406,
"KOR","HHWEALTH","TOT","PC_NDI","A","2020",409.784,
"KOR","HHWEALTH","TOT","PC_NDI","A","2021",433.5274,
"KOR","HHWEALTH","TOT","PC_NDI","A","2022",399.4401,
"AUT","HHWEALTH","TOT","PC_NDI","A","1995",318.3503,
"AUT","HHWEALTH","TOT","PC_NDI","A","1996",331.7697,
"AUT","HHWEALTH","TOT","PC_NDI","A","1997",345.013,
"AUT","HHWEALTH","TOT","PC_NDI","A","1998",350.8672,
"AUT","HHWEALTH","TOT","PC_NDI","A","1999",351.2296,
"AUT","HHWEALTH","TOT","PC_NDI","A","2000",356.1291,
"AUT","HHWEALTH","TOT","PC_NDI","A","2001",359.8342,
"AUT","HHWEALTH","TOT","PC_NDI","A","2002",360.9031,
"AUT","HHWEALTH","TOT","PC_NDI","A","2003",367.2281,
"AUT","HHWEALTH","TOT","PC_NDI","A","2004",372.5252,
"AUT","HHWEALTH","TOT","PC_NDI","A","2005",370.243,
"AUT","HHWEALTH","TOT","PC_NDI","A","2006",374.7527,
"AUT","HHWEALTH","TOT","PC_NDI","A","2007",379.1986,
"AUT","HHWEALTH","TOT","PC_NDI","A","2008",369.0465,
"AUT","HHWEALTH","TOT","PC_NDI","A","2009",395.7118,
"AUT","HHWEALTH","TOT","PC_NDI","A","2010",408.4862,
"AUT","HHWEALTH","TOT","PC_NDI","A","2011",406.3002,
"AUT","HHWEALTH","TOT","PC_NDI","A","2012",407.8979,
"AUT","HHWEALTH","TOT","PC_NDI","A","2013",427.0953,
"AUT","HHWEALTH","TOT","PC_NDI","A","2014",432.6374,
"AUT","HHWEALTH","TOT","PC_NDI","A","2015",439.2231,
"AUT","HHWEALTH","TOT","PC_NDI","A","2016",438.7894,
"AUT","HHWEALTH","TOT","PC_NDI","A","2017",446.7852,
"AUT","HHWEALTH","TOT","PC_NDI","A","2018",444.5076,
"AUT","HHWEALTH","TOT","PC_NDI","A","2019",452.565,
"AUT","HHWEALTH","TOT","PC_NDI","A","2020",491.2668,
"AUT","HHWEALTH","TOT","PC_NDI","A","2021",506.2139,
"PRT","HHWEALTH","TOT","PC_NDI","A","1995",386.3942,
"PRT","HHWEALTH","TOT","PC_NDI","A","1996",380.0622,
"PRT","HHWEALTH","TOT","PC_NDI","A","1997",379.237,
"PRT","HHWEALTH","TOT","PC_NDI","A","1998",375.2975,
"PRT","HHWEALTH","TOT","PC_NDI","A","1999",373.2802,
"PRT","HHWEALTH","TOT","PC_NDI","A","2000",375.5644,
"PRT","HHWEALTH","TOT","PC_NDI","A","2001",374.6669,
"PRT","HHWEALTH","TOT","PC_NDI","A","2002",368.1472,
"PRT","HHWEALTH","TOT","PC_NDI","A","2003",374.4759,
"PRT","HHWEALTH","TOT","PC_NDI","A","2004",384.6826,
"PRT","HHWEALTH","TOT","PC_NDI","A","2005",386.3769,
"PRT","HHWEALTH","TOT","PC_NDI","A","2006",396.2736,
"PRT","HHWEALTH","TOT","PC_NDI","A","2007",390.4728,
"PRT","HHWEALTH","TOT","PC_NDI","A","2008",381.4694,
"PRT","HHWEALTH","TOT","PC_NDI","A","2009",387.3522,
"PRT","HHWEALTH","TOT","PC_NDI","A","2010",389.1646,
"PRT","HHWEALTH","TOT","PC_NDI","A","2011",378.5551,
"PRT","HHWEALTH","TOT","PC_NDI","A","2012",373.4164,
"PRT","HHWEALTH","TOT","PC_NDI","A","2013",379.2925,
"PRT","HHWEALTH","TOT","PC_NDI","A","2014",394.6919,
"PRT","HHWEALTH","TOT","PC_NDI","A","2015",394.7362,
"PRT","HHWEALTH","TOT","PC_NDI","A","2016",395.4554,
"PRT","HHWEALTH","TOT","PC_NDI","A","2017",410.6864,
"PRT","HHWEALTH","TOT","PC_NDI","A","2018",419.1057,
"PRT","HHWEALTH","TOT","PC_NDI","A","2019",424.0815,
"PRT","HHWEALTH","TOT","PC_NDI","A","2020",456.2539,
"LVA","HHWEALTH","TOT","PC_NDI","A","1995",354.3305,
"LVA","HHWEALTH","TOT","PC_NDI","A","1996",324.683,
"LVA","HHWEALTH","TOT","PC_NDI","A","1997",282.5365,
"LVA","HHWEALTH","TOT","PC_NDI","A","1998",292.0563,
"LVA","HHWEALTH","TOT","PC_NDI","A","1999",281.9741,
"LVA","HHWEALTH","TOT","PC_NDI","A","2000",249.5679,
"LVA","HHWEALTH","TOT","PC_NDI","A","2001",213.1481,
"LVA","HHWEALTH","TOT","PC_NDI","A","2002",283.7198,
"LVA","HHWEALTH","TOT","PC_NDI","A","2003",298.0585,
"LVA","HHWEALTH","TOT","PC_NDI","A","2004",258.1085,
"LVA","HHWEALTH","TOT","PC_NDI","A","2005",258.946,
"LVA","HHWEALTH","TOT","PC_NDI","A","2006",323.6883,
"LVA","HHWEALTH","TOT","PC_NDI","A","2007",343.5115,
"LVA","HHWEALTH","TOT","PC_NDI","A","2008",302.1762,
"LVA","HHWEALTH","TOT","PC_NDI","A","2009",235.6071,
"LVA","HHWEALTH","TOT","PC_NDI","A","2010",257.4895,
"LVA","HHWEALTH","TOT","PC_NDI","A","2011",320.0357,
"LVA","HHWEALTH","TOT","PC_NDI","A","2012",345.2176,
"LVA","HHWEALTH","TOT","PC_NDI","A","2013",356.6511,
"LVA","HHWEALTH","TOT","PC_NDI","A","2014",360.1223,
"LVA","HHWEALTH","TOT","PC_NDI","A","2015",343.8063,
"LVA","HHWEALTH","TOT","PC_NDI","A","2016",349.6802,
"LVA","HHWEALTH","TOT","PC_NDI","A","2017",356.0205,
"LVA","HHWEALTH","TOT","PC_NDI","A","2018",351.8362,
"LVA","HHWEALTH","TOT","PC_NDI","A","2019",358.2412,
"LVA","HHWEALTH","TOT","PC_NDI","A","2020",369.0821,
"AUS","HHWEALTH","FINAN","USD","A","1995",21439.52,
"AUS","HHWEALTH","FINAN","USD","A","1996",22888.29,
"AUS","HHWEALTH","FINAN","USD","A","1997",24390.96,
"AUS","HHWEALTH","FINAN","USD","A","1998",26716.38,
"AUS","HHWEALTH","FINAN","USD","A","1999",29608.36,
"AUS","HHWEALTH","FINAN","USD","A","2000",29874.83,
"AUS","HHWEALTH","FINAN","USD","A","2001",30901.62,
"AUS","HHWEALTH","FINAN","USD","A","2002",29746.15,
"AUS","HHWEALTH","FINAN","USD","A","2003",31972.83,
"AUS","HHWEALTH","FINAN","USD","A","2004",36448.34,
"AUS","HHWEALTH","FINAN","USD","A","2005",41111.03,
"AUS","HHWEALTH","FINAN","USD","A","2006",46382.87,
"AUS","HHWEALTH","FINAN","USD","A","2007",49601.88,
"AUS","HHWEALTH","FINAN","USD","A","2008",36154.15,
"AUS","HHWEALTH","FINAN","USD","A","2009",44671.9,
"AUS","HHWEALTH","FINAN","USD","A","2010",43262.07,
"AUS","HHWEALTH","FINAN","USD","A","2011",39526.08,
"AUS","HHWEALTH","FINAN","USD","A","2012",47798.16,
"AUS","HHWEALTH","FINAN","USD","A","2013",55473.59,
"AUS","HHWEALTH","FINAN","USD","A","2014",60891.4,
"AUS","HHWEALTH","FINAN","USD","A","2015",64397.8,
"AUS","HHWEALTH","FINAN","USD","A","2016",72555.3,
"AUS","HHWEALTH","FINAN","USD","A","2017",74652.23,
"AUS","HHWEALTH","FINAN","USD","A","2018",74226.71,
"AUS","HHWEALTH","FINAN","USD","A","2019",88933.96,
"AUS","HHWEALTH","FINAN","USD","A","2020",96178.04,
"AUS","HHWEALTH","FINAN","USD","A","2021",108176.6,
"AUS","HHWEALTH","FINAN","USD","A","2022",102414.5,
"AUT","HHWEALTH","FINAN","USD","A","1995",23895.41,
"AUT","HHWEALTH","FINAN","USD","A","1996",25489.26,
"AUT","HHWEALTH","FINAN","USD","A","1997",26586.49,
"AUT","HHWEALTH","FINAN","USD","A","1998",28318.69,
"AUT","HHWEALTH","FINAN","USD","A","1999",29611.01,
"AUT","HHWEALTH","FINAN","USD","A","2000",31923.64,
"AUT","HHWEALTH","FINAN","USD","A","2001",31888.2,
"AUT","HHWEALTH","FINAN","USD","A","2002",33065.16,
"AUT","HHWEALTH","FINAN","USD","A","2003",35661.11,
"AUT","HHWEALTH","FINAN","USD","A","2004",38063.67,
"AUT","HHWEALTH","FINAN","USD","A","2005",40572.84,
"AUT","HHWEALTH","FINAN","USD","A","2006",44186.53,
"AUT","HHWEALTH","FINAN","USD","A","2007",46186.53,
"AUT","HHWEALTH","FINAN","USD","A","2008",44802.32,
"AUT","HHWEALTH","FINAN","USD","A","2009",50255.2,
"AUT","HHWEALTH","FINAN","USD","A","2010",52456.59,
"AUT","HHWEALTH","FINAN","USD","A","2011",53068.29,
"AUT","HHWEALTH","FINAN","USD","A","2012",56621.76,
"AUT","HHWEALTH","FINAN","USD","A","2013",60925.36,
"AUT","HHWEALTH","FINAN","USD","A","2014",63355.71,
"AUT","HHWEALTH","FINAN","USD","A","2015",64449.61,
"AUT","HHWEALTH","FINAN","USD","A","2016",68715.74,
"AUT","HHWEALTH","FINAN","USD","A","2017",73012.14,
"AUT","HHWEALTH","FINAN","USD","A","2018",74579.74,
"AUT","HHWEALTH","FINAN","USD","A","2019",80475.61,
"AUT","HHWEALTH","FINAN","USD","A","2020",86466.51,
"AUT","HHWEALTH","FINAN","USD","A","2021",90277.49,
"BEL","HHWEALTH","FINAN","USD","A","1995",49944.01,
"BEL","HHWEALTH","FINAN","USD","A","1996",53966.06,
"BEL","HHWEALTH","FINAN","USD","A","1997",58139.21,
"BEL","HHWEALTH","FINAN","USD","A","1998",60225.91,
"BEL","HHWEALTH","FINAN","USD","A","1999",66816.63,
"BEL","HHWEALTH","FINAN","USD","A","2000",69038.02,
"BEL","HHWEALTH","FINAN","USD","A","2001",70714.07,
"BEL","HHWEALTH","FINAN","USD","A","2002",67127.05,
"BEL","HHWEALTH","FINAN","USD","A","2003",70068.02,
"BEL","HHWEALTH","FINAN","USD","A","2004",74677.97,
"BEL","HHWEALTH","FINAN","USD","A","2005",80456.63,
"BEL","HHWEALTH","FINAN","USD","A","2006",83875.75,
"BEL","HHWEALTH","FINAN","USD","A","2007",84659.88,
"BEL","HHWEALTH","FINAN","USD","A","2008",77363.48,
"BEL","HHWEALTH","FINAN","USD","A","2009",87246.74,
"BEL","HHWEALTH","FINAN","USD","A","2010",93820.23,
"BEL","HHWEALTH","FINAN","USD","A","2011",93694.22,
"BEL","HHWEALTH","FINAN","USD","A","2012",98511.68,
"BEL","HHWEALTH","FINAN","USD","A","2013",103200.3,
"BEL","HHWEALTH","FINAN","USD","A","2014",108770,
"BEL","HHWEALTH","FINAN","USD","A","2015",113552.6,
"BEL","HHWEALTH","FINAN","USD","A","2016",120613.2,
"BEL","HHWEALTH","FINAN","USD","A","2017",122422.5,
"BEL","HHWEALTH","FINAN","USD","A","2018",119379.9,
"BEL","HHWEALTH","FINAN","USD","A","2019",131352.2,
"BEL","HHWEALTH","FINAN","USD","A","2020",138876,
"BEL","HHWEALTH","FINAN","USD","A","2021",144119.3,
"BEL","HHWEALTH","FINAN","USD","A","2022",134205,
"CAN","HHWEALTH","FINAN","USD","A","1995",36827.95,
"CAN","HHWEALTH","FINAN","USD","A","1996",42265.55,
"CAN","HHWEALTH","FINAN","USD","A","1997",46794.71,
"CAN","HHWEALTH","FINAN","USD","A","1998",48666.21,
"CAN","HHWEALTH","FINAN","USD","A","1999",52028.67,
"CAN","HHWEALTH","FINAN","USD","A","2000",51475.23,
"CAN","HHWEALTH","FINAN","USD","A","2001",49633.47,
"CAN","HHWEALTH","FINAN","USD","A","2002",47019.25,
"CAN","HHWEALTH","FINAN","USD","A","2003",50511.4,
"CAN","HHWEALTH","FINAN","USD","A","2004",50743.81,
"CAN","HHWEALTH","FINAN","USD","A","2005",58605.24,
"CAN","HHWEALTH","FINAN","USD","A","2006",64390.81,
"CAN","HHWEALTH","FINAN","USD","A","2007",65985.18,
"CAN","HHWEALTH","FINAN","USD","A","2008",56530.51,
"CAN","HHWEALTH","FINAN","USD","A","2009",67412.53,
"CAN","HHWEALTH","FINAN","USD","A","2010",73585.37,
"CAN","HHWEALTH","FINAN","USD","A","2011",73423.43,
"CAN","HHWEALTH","FINAN","USD","A","2012",78569.67,
"CAN","HHWEALTH","FINAN","USD","A","2013",85138.66,
"CAN","HHWEALTH","FINAN","USD","A","2014",94265.69,
"CAN","HHWEALTH","FINAN","USD","A","2015",96483.84,
"CAN","HHWEALTH","FINAN","USD","A","2016",106762.9,
"CAN","HHWEALTH","FINAN","USD","A","2017",113175.6,
"CAN","HHWEALTH","FINAN","USD","A","2018",113268.7,
"CAN","HHWEALTH","FINAN","USD","A","2019",123408.6,
"CAN","HHWEALTH","FINAN","USD","A","2020",133667.6,
"CAN","HHWEALTH","FINAN","USD","A","2021",145235.1,
"CAN","HHWEALTH","FINAN","USD","A","2022",135880.4,
"CZE","HHWEALTH","FINAN","USD","A","1995",14564.29,
"CZE","HHWEALTH","FINAN","USD","A","1996",15159.93,
"CZE","HHWEALTH","FINAN","USD","A","1997",16119.25,
"CZE","HHWEALTH","FINAN","USD","A","1998",16691.45,
"CZE","HHWEALTH","FINAN","USD","A","1999",16763.7,
"CZE","HHWEALTH","FINAN","USD","A","2000",16155.81,
"CZE","HHWEALTH","FINAN","USD","A","2001",17322.55,
"CZE","HHWEALTH","FINAN","USD","A","2002",17786.81,
"CZE","HHWEALTH","FINAN","USD","A","2003",15200.43,
"CZE","HHWEALTH","FINAN","USD","A","2004",15434.61,
"CZE","HHWEALTH","FINAN","USD","A","2005",15767.53,
"CZE","HHWEALTH","FINAN","USD","A","2006",16583.45,
"CZE","HHWEALTH","FINAN","USD","A","2007",18062.14,
"CZE","HHWEALTH","FINAN","USD","A","2008",18726.63,
"CZE","HHWEALTH","FINAN","USD","A","2009",19775.78,
"CZE","HHWEALTH","FINAN","USD","A","2010",21113.62,
"CZE","HHWEALTH","FINAN","USD","A","2011",22385.03,
"CZE","HHWEALTH","FINAN","USD","A","2012",24344.8,
"CZE","HHWEALTH","FINAN","USD","A","2013",27175.45,
"CZE","HHWEALTH","FINAN","USD","A","2014",28301.12,
"CZE","HHWEALTH","FINAN","USD","A","2015",29846.78,
"CZE","HHWEALTH","FINAN","USD","A","2016",33215.88,
"CZE","HHWEALTH","FINAN","USD","A","2017",35022.73,
"CZE","HHWEALTH","FINAN","USD","A","2018",37920.66,
"CZE","HHWEALTH","FINAN","USD","A","2019",41580.97,
"CZE","HHWEALTH","FINAN","USD","A","2020",45907.57,
"CZE","HHWEALTH","FINAN","USD","A","2021",46994.66,
"CZE","HHWEALTH","FINAN","USD","A","2022",49670.35,
"DNK","HHWEALTH","FINAN","USD","A","1995",15388.62,
"DNK","HHWEALTH","FINAN","USD","A","1996",17214.3,
"DNK","HHWEALTH","FINAN","USD","A","1997",20861.63,
"DNK","HHWEALTH","FINAN","USD","A","1998",21949.58,
"DNK","HHWEALTH","FINAN","USD","A","1999",26387.41,
"DNK","HHWEALTH","FINAN","USD","A","2000",27327.31,
"DNK","HHWEALTH","FINAN","USD","A","2001",23275.91,
"DNK","HHWEALTH","FINAN","USD","A","2002",21710.9,
"DNK","HHWEALTH","FINAN","USD","A","2003",24295.26,
"DNK","HHWEALTH","FINAN","USD","A","2004",28502.4,
"DNK","HHWEALTH","FINAN","USD","A","2005",40581.37,
"DNK","HHWEALTH","FINAN","USD","A","2006",46800.17,
"DNK","HHWEALTH","FINAN","USD","A","2007",43930.89,
"DNK","HHWEALTH","FINAN","USD","A","2008",30628.99,
"DNK","HHWEALTH","FINAN","USD","A","2009",39217.11,
"DNK","HHWEALTH","FINAN","USD","A","2010",48285.76,
"DNK","HHWEALTH","FINAN","USD","A","2011",49153.68,
"DNK","HHWEALTH","FINAN","USD","A","2012",58963.75,
"DNK","HHWEALTH","FINAN","USD","A","2013",63902.38,
"DNK","HHWEALTH","FINAN","USD","A","2014",73069.38,
"DNK","HHWEALTH","FINAN","USD","A","2015",80016.41,
"DNK","HHWEALTH","FINAN","USD","A","2016",115825.5,
"DNK","HHWEALTH","FINAN","USD","A","2017",125431.1,
"DNK","HHWEALTH","FINAN","USD","A","2018",122493.6,
"DNK","HHWEALTH","FINAN","USD","A","2019",146556.9,
"DNK","HHWEALTH","FINAN","USD","A","2020",162771.2,
"DNK","HHWEALTH","FINAN","USD","A","2021",205156.2,
"DNK","HHWEALTH","FINAN","USD","A","2022",190458.9,
"FIN","HHWEALTH","FINAN","USD","A","1995",6717.313,
"FIN","HHWEALTH","FINAN","USD","A","1996",8436.887,
"FIN","HHWEALTH","FINAN","USD","A","1997",10599.02,
"FIN","HHWEALTH","FINAN","USD","A","1998",13235.21,
"FIN","HHWEALTH","FINAN","USD","A","1999",18120.48,
"FIN","HHWEALTH","FINAN","USD","A","2000",19799.79,
"FIN","HHWEALTH","FINAN","USD","A","2001",18267.88,
"FIN","HHWEALTH","FINAN","USD","A","2002",16854.72,
"FIN","HHWEALTH","FINAN","USD","A","2003",18759.49,
"FIN","HHWEALTH","FINAN","USD","A","2004",20016.86,
"FIN","HHWEALTH","FINAN","USD","A","2005",21943.09,
"FIN","HHWEALTH","FINAN","USD","A","2006",23756.03,
"FIN","HHWEALTH","FINAN","USD","A","2007",23394.52,
"FIN","HHWEALTH","FINAN","USD","A","2008",17599.15,
"FIN","HHWEALTH","FINAN","USD","A","2009",22217.22,
"FIN","HHWEALTH","FINAN","USD","A","2010",25344.21,
"FIN","HHWEALTH","FINAN","USD","A","2011",21534.14,
"FIN","HHWEALTH","FINAN","USD","A","2012",23799.09,
"FIN","HHWEALTH","FINAN","USD","A","2013",27887.37,
"FIN","HHWEALTH","FINAN","USD","A","2014",30383.8,
"FIN","HHWEALTH","FINAN","USD","A","2015",31736.23,
"FIN","HHWEALTH","FINAN","USD","A","2016",32717.85,
"FIN","HHWEALTH","FINAN","USD","A","2017",34164.67,
"FIN","HHWEALTH","FINAN","USD","A","2018",31890.03,
"FIN","HHWEALTH","FINAN","USD","A","2019",37253,
"FIN","HHWEALTH","FINAN","USD","A","2020",40922.14,
"FIN","HHWEALTH","FINAN","USD","A","2021",47303.24,
"FRA","HHWEALTH","FINAN","USD","A","1995",21514.4,
"FRA","HHWEALTH","FINAN","USD","A","1996",26202.38,
"FRA","HHWEALTH","FINAN","USD","A","1997",28376.69,
"FRA","HHWEALTH","FINAN","USD","A","1998",30624.09,
"FRA","HHWEALTH","FINAN","USD","A","1999",35199.94,
"FRA","HHWEALTH","FINAN","USD","A","2000",36860.28,
"FRA","HHWEALTH","FINAN","USD","A","2001",35291.23,
"FRA","HHWEALTH","FINAN","USD","A","2002",34710.21,
"FRA","HHWEALTH","FINAN","USD","A","2003",35573.21,
"FRA","HHWEALTH","FINAN","USD","A","2004",37065.53,
"FRA","HHWEALTH","FINAN","USD","A","2005",40117.11,
"FRA","HHWEALTH","FINAN","USD","A","2006",45666.33,
"FRA","HHWEALTH","FINAN","USD","A","2007",47421.02,
"FRA","HHWEALTH","FINAN","USD","A","2008",41725.71,
"FRA","HHWEALTH","FINAN","USD","A","2009",45980.08,
"FRA","HHWEALTH","FINAN","USD","A","2010",49275.3,
"FRA","HHWEALTH","FINAN","USD","A","2011",49869.23,
"FRA","HHWEALTH","FINAN","USD","A","2012",53223.84,
"FRA","HHWEALTH","FINAN","USD","A","2013",57474.21,
"FRA","HHWEALTH","FINAN","USD","A","2014",59818.88,
"FRA","HHWEALTH","FINAN","USD","A","2015",63290.67,
"FRA","HHWEALTH","FINAN","USD","A","2016",69918.91,
"FRA","HHWEALTH","FINAN","USD","A","2017",73995.41,
"FRA","HHWEALTH","FINAN","USD","A","2018",72276.45,
"FRA","HHWEALTH","FINAN","USD","A","2019",85327.71,
"FRA","HHWEALTH","FINAN","USD","A","2020",90216.35,
"FRA","HHWEALTH","FINAN","USD","A","2021",97900.69,
"FRA","HHWEALTH","FINAN","USD","A","2022",93048.69,
"DEU","HHWEALTH","FINAN","USD","A","1995",17508.44,
"DEU","HHWEALTH","FINAN","USD","A","1996",18965.08,
"DEU","HHWEALTH","FINAN","USD","A","1997",20927.29,
"DEU","HHWEALTH","FINAN","USD","A","1998",22717.67,
"DEU","HHWEALTH","FINAN","USD","A","1999",25376.64,
"DEU","HHWEALTH","FINAN","USD","A","2000",26076.36,
"DEU","HHWEALTH","FINAN","USD","A","2001",27460.98,
"DEU","HHWEALTH","FINAN","USD","A","2002",27123.68,
"DEU","HHWEALTH","FINAN","USD","A","2003",30376.57,
"DEU","HHWEALTH","FINAN","USD","A","2004",33380.77,
"DEU","HHWEALTH","FINAN","USD","A","2005",36787.77,
"DEU","HHWEALTH","FINAN","USD","A","2006",38122.57,
"DEU","HHWEALTH","FINAN","USD","A","2007",42298.09,
"DEU","HHWEALTH","FINAN","USD","A","2008",40504.15,
"DEU","HHWEALTH","FINAN","USD","A","2009",43684.8,
"DEU","HHWEALTH","FINAN","USD","A","2010",46806.32,
"DEU","HHWEALTH","FINAN","USD","A","2011",48200.26,
"DEU","HHWEALTH","FINAN","USD","A","2012",51572.77,
"DEU","HHWEALTH","FINAN","USD","A","2013",55681.56,
"DEU","HHWEALTH","FINAN","USD","A","2014",59347.38,
"DEU","HHWEALTH","FINAN","USD","A","2015",61681.38,
"DEU","HHWEALTH","FINAN","USD","A","2016",66606.88,
"DEU","HHWEALTH","FINAN","USD","A","2017",71396.33,
"DEU","HHWEALTH","FINAN","USD","A","2018",73473.06,
"DEU","HHWEALTH","FINAN","USD","A","2019",80922.93,
"DEU","HHWEALTH","FINAN","USD","A","2020",87328.79,
"DEU","HHWEALTH","FINAN","USD","A","2021",94296.05,
"GRC","HHWEALTH","FINAN","USD","A","1995",15304.95,
"GRC","HHWEALTH","FINAN","USD","A","1996",16013.77,
"GRC","HHWEALTH","FINAN","USD","A","1997",19185,
"GRC","HHWEALTH","FINAN","USD","A","1998",23095.24,
"GRC","HHWEALTH","FINAN","USD","A","1999",34230.47,
"GRC","HHWEALTH","FINAN","USD","A","2000",26455.9,
"GRC","HHWEALTH","FINAN","USD","A","2001",23199.43,
"GRC","HHWEALTH","FINAN","USD","A","2002",20240.83,
"GRC","HHWEALTH","FINAN","USD","A","2003",20315.05,
"GRC","HHWEALTH","FINAN","USD","A","2004",21736.2,
"GRC","HHWEALTH","FINAN","USD","A","2005",25343.56,
"GRC","HHWEALTH","FINAN","USD","A","2006",27144.9,
"GRC","HHWEALTH","FINAN","USD","A","2007",27089.79,
"GRC","HHWEALTH","FINAN","USD","A","2008",18046.99,
"GRC","HHWEALTH","FINAN","USD","A","2009",19065.56,
"GRC","HHWEALTH","FINAN","USD","A","2010",13129.25,
"GRC","HHWEALTH","FINAN","USD","A","2011",10865.58,
"GRC","HHWEALTH","FINAN","USD","A","2012",11688.96,
"GRC","HHWEALTH","FINAN","USD","A","2013",18629.58,
"GRC","HHWEALTH","FINAN","USD","A","2014",20369.48,
"GRC","HHWEALTH","FINAN","USD","A","2015",20589.81,
"GRC","HHWEALTH","FINAN","USD","A","2016",21459,
"GRC","HHWEALTH","FINAN","USD","A","2017",25092.38,
"GRC","HHWEALTH","FINAN","USD","A","2018",22062.18,
"GRC","HHWEALTH","FINAN","USD","A","2019",27605.45,
"GRC","HHWEALTH","FINAN","USD","A","2020",29606.57,
"GRC","HHWEALTH","FINAN","USD","A","2021",32524.63,
"GRC","HHWEALTH","FINAN","USD","A","2022",35601.09,
"HUN","HHWEALTH","FINAN","USD","A","1995",5007.918,
"HUN","HHWEALTH","FINAN","USD","A","1996",5493.782,
"HUN","HHWEALTH","FINAN","USD","A","1997",5924.118,
"HUN","HHWEALTH","FINAN","USD","A","1998",6613.403,
"HUN","HHWEALTH","FINAN","USD","A","1999",7365.78,
"HUN","HHWEALTH","FINAN","USD","A","2000",8142.764,
"HUN","HHWEALTH","FINAN","USD","A","2001",8924.651,
"HUN","HHWEALTH","FINAN","USD","A","2002",9467.908,
"HUN","HHWEALTH","FINAN","USD","A","2003",9773.075,
"HUN","HHWEALTH","FINAN","USD","A","2004",10234.33,
"HUN","HHWEALTH","FINAN","USD","A","2005",11322.79,
"HUN","HHWEALTH","FINAN","USD","A","2006",12571.62,
"HUN","HHWEALTH","FINAN","USD","A","2007",13154.65,
"HUN","HHWEALTH","FINAN","USD","A","2008",12514.82,
"HUN","HHWEALTH","FINAN","USD","A","2009",14378.57,
"HUN","HHWEALTH","FINAN","USD","A","2010",15395.75,
"HUN","HHWEALTH","FINAN","USD","A","2011",16843.05,
"HUN","HHWEALTH","FINAN","USD","A","2012",18987.54,
"HUN","HHWEALTH","FINAN","USD","A","2013",21226.84,
"HUN","HHWEALTH","FINAN","USD","A","2014",23238.91,
"HUN","HHWEALTH","FINAN","USD","A","2015",26136.67,
"HUN","HHWEALTH","FINAN","USD","A","2016",29042.61,
"HUN","HHWEALTH","FINAN","USD","A","2017",31363.92,
"HUN","HHWEALTH","FINAN","USD","A","2018",34254.67,
"HUN","HHWEALTH","FINAN","USD","A","2019",37592.91,
"HUN","HHWEALTH","FINAN","USD","A","2020",41056.72,
"HUN","HHWEALTH","FINAN","USD","A","2021",43798.84,
"ISL","HHWEALTH","FINAN","USD","A","2003",27389.06,
"ISL","HHWEALTH","FINAN","USD","A","2014",63014.35,
"ISL","HHWEALTH","FINAN","USD","A","2015",71490.84,
"ISL","HHWEALTH","FINAN","USD","A","2016",80884.8,
"ISL","HHWEALTH","FINAN","USD","A","2017",104977.8,
"ISL","HHWEALTH","FINAN","USD","A","2018",103155.1,
"ISL","HHWEALTH","FINAN","USD","A","2019",113466.7,
"ISL","HHWEALTH","FINAN","USD","A","2020",116604,
"ISL","HHWEALTH","FINAN","USD","A","2021",130946.1,
"IRL","HHWEALTH","FINAN","USD","A","2001",32345.31,
"IRL","HHWEALTH","FINAN","USD","A","2002",29159.83,
"IRL","HHWEALTH","FINAN","USD","A","2003",30272.23,
"IRL","HHWEALTH","FINAN","USD","A","2004",31304.53,
"IRL","HHWEALTH","FINAN","USD","A","2005",30428.09,
"IRL","HHWEALTH","FINAN","USD","A","2006",31495.66,
"IRL","HHWEALTH","FINAN","USD","A","2007",24551.67,
"IRL","HHWEALTH","FINAN","USD","A","2008",16137.72,
"IRL","HHWEALTH","FINAN","USD","A","2009",22600.91,
"IRL","HHWEALTH","FINAN","USD","A","2010",29191.22,
"IRL","HHWEALTH","FINAN","USD","A","2011",30151.15,
"IRL","HHWEALTH","FINAN","USD","A","2012",36059.24,
"IRL","HHWEALTH","FINAN","USD","A","2013",39536.46,
"IRL","HHWEALTH","FINAN","USD","A","2014",48015.05,
"IRL","HHWEALTH","FINAN","USD","A","2015",53399.94,
"IRL","HHWEALTH","FINAN","USD","A","2016",59107.28,
"IRL","HHWEALTH","FINAN","USD","A","2017",61209.43,
"IRL","HHWEALTH","FINAN","USD","A","2018",63053.87,
"IRL","HHWEALTH","FINAN","USD","A","2019",70772.66,
"IRL","HHWEALTH","FINAN","USD","A","2020",81566.7,
"IRL","HHWEALTH","FINAN","USD","A","2021",93047.09,
"IRL","HHWEALTH","FINAN","USD","A","2022",90232.05,
"ITA","HHWEALTH","FINAN","USD","A","1995",34906.17,
"ITA","HHWEALTH","FINAN","USD","A","1996",37291.18,
"ITA","HHWEALTH","FINAN","USD","A","1997",42861.11,
"ITA","HHWEALTH","FINAN","USD","A","1998",49597.28,
"ITA","HHWEALTH","FINAN","USD","A","1999",53367.56,
"ITA","HHWEALTH","FINAN","USD","A","2000",57356.49,
"ITA","HHWEALTH","FINAN","USD","A","2001",55353.39,
"ITA","HHWEALTH","FINAN","USD","A","2002",56166.21,
"ITA","HHWEALTH","FINAN","USD","A","2003",56516.47,
"ITA","HHWEALTH","FINAN","USD","A","2004",58667.53,
"ITA","HHWEALTH","FINAN","USD","A","2005",64898.23,
"ITA","HHWEALTH","FINAN","USD","A","2006",73029.23,
"ITA","HHWEALTH","FINAN","USD","A","2007",68102.73,
"ITA","HHWEALTH","FINAN","USD","A","2008",65186.36,
"ITA","HHWEALTH","FINAN","USD","A","2009",64768.67,
"ITA","HHWEALTH","FINAN","USD","A","2010",62181.59,
"ITA","HHWEALTH","FINAN","USD","A","2011",61219.91,
"ITA","HHWEALTH","FINAN","USD","A","2012",68150.17,
"ITA","HHWEALTH","FINAN","USD","A","2013",71688.24,
"ITA","HHWEALTH","FINAN","USD","A","2014",74681.02,
"ITA","HHWEALTH","FINAN","USD","A","2015",77623.66,
"ITA","HHWEALTH","FINAN","USD","A","2016",82091.68,
"ITA","HHWEALTH","FINAN","USD","A","2017",87711.36,
"ITA","HHWEALTH","FINAN","USD","A","2018",83833.52,
"ITA","HHWEALTH","FINAN","USD","A","2019",95935.66,
"ITA","HHWEALTH","FINAN","USD","A","2020",103079.8,
"ITA","HHWEALTH","FINAN","USD","A","2021",115271.2,
"ITA","HHWEALTH","FINAN","USD","A","2022",111419.3,
"JPN","HHWEALTH","FINAN","USD","A","1995",45947.1,
"JPN","HHWEALTH","FINAN","USD","A","1996",47410.83,
"JPN","HHWEALTH","FINAN","USD","A","1997",49330.79,
"JPN","HHWEALTH","FINAN","USD","A","1998",51724.76,
"JPN","HHWEALTH","FINAN","USD","A","1999",56220.38,
"JPN","HHWEALTH","FINAN","USD","A","2000",59459.58,
"JPN","HHWEALTH","FINAN","USD","A","2001",61599.8,
"JPN","HHWEALTH","FINAN","USD","A","2002",64406.81,
"JPN","HHWEALTH","FINAN","USD","A","2003",67679,
"JPN","HHWEALTH","FINAN","USD","A","2004",71031.02,
"JPN","HHWEALTH","FINAN","USD","A","2005",78607.2,
"JPN","HHWEALTH","FINAN","USD","A","2006",83255.91,
"JPN","HHWEALTH","FINAN","USD","A","2007",80487.84,
"JPN","HHWEALTH","FINAN","USD","A","2008",79981.72,
"JPN","HHWEALTH","FINAN","USD","A","2009",84374.26,
"JPN","HHWEALTH","FINAN","USD","A","2010",88543.15,
"JPN","HHWEALTH","FINAN","USD","A","2011",93626.25,
"JPN","HHWEALTH","FINAN","USD","A","2012",101492.1,
"JPN","HHWEALTH","FINAN","USD","A","2013",107009.6,
"JPN","HHWEALTH","FINAN","USD","A","2014",110819.7,
"JPN","HHWEALTH","FINAN","USD","A","2015",110171.5,
"JPN","HHWEALTH","FINAN","USD","A","2016",110540.1,
"JPN","HHWEALTH","FINAN","USD","A","2017",115249.5,
"JPN","HHWEALTH","FINAN","USD","A","2018",115685.2,
"JPN","HHWEALTH","FINAN","USD","A","2019",113034.5,
"JPN","HHWEALTH","FINAN","USD","A","2020",126253.8,
"JPN","HHWEALTH","FINAN","USD","A","2021",131108,
"JPN","HHWEALTH","FINAN","USD","A","2022",139100.5,
"KOR","HHWEALTH","FINAN","USD","A","2008",21701.03,
"KOR","HHWEALTH","FINAN","USD","A","2009",25892.13,
"KOR","HHWEALTH","FINAN","USD","A","2010",29016.09,
"KOR","HHWEALTH","FINAN","USD","A","2011",28843.85,
"KOR","HHWEALTH","FINAN","USD","A","2012",31669.35,
"KOR","HHWEALTH","FINAN","USD","A","2013",33293.19,
"KOR","HHWEALTH","FINAN","USD","A","2014",36269.99,
"KOR","HHWEALTH","FINAN","USD","A","2015",40215.46,
"KOR","HHWEALTH","FINAN","USD","A","2016",41461.73,
"KOR","HHWEALTH","FINAN","USD","A","2017",44189.57,
"KOR","HHWEALTH","FINAN","USD","A","2018",44092.8,
"KOR","HHWEALTH","FINAN","USD","A","2019",47422.5,
"KOR","HHWEALTH","FINAN","USD","A","2020",57164.43,
"KOR","HHWEALTH","FINAN","USD","A","2021",60535.27,
"KOR","HHWEALTH","FINAN","USD","A","2022",61936.59,
"LUX","HHWEALTH","FINAN","USD","A","1995",35606.38,
"LUX","HHWEALTH","FINAN","USD","A","1996",37514.67,
"LUX","HHWEALTH","FINAN","USD","A","1997",40461.89,
"LUX","HHWEALTH","FINAN","USD","A","1998",40421.58,
"LUX","HHWEALTH","FINAN","USD","A","1999",40338.48,
"LUX","HHWEALTH","FINAN","USD","A","2000",44469.29,
"LUX","HHWEALTH","FINAN","USD","A","2001",46443.34,
"LUX","HHWEALTH","FINAN","USD","A","2002",47958.66,
"LUX","HHWEALTH","FINAN","USD","A","2003",52945,
"LUX","HHWEALTH","FINAN","USD","A","2004",59152.84,
"LUX","HHWEALTH","FINAN","USD","A","2005",60420.78,
"LUX","HHWEALTH","FINAN","USD","A","2006",67653.95,
"LUX","HHWEALTH","FINAN","USD","A","2007",74157.03,
"LUX","HHWEALTH","FINAN","USD","A","2008",78306.59,
"LUX","HHWEALTH","FINAN","USD","A","2009",86841.54,
"LUX","HHWEALTH","FINAN","USD","A","2010",87964.05,
"LUX","HHWEALTH","FINAN","USD","A","2011",83584.19,
"LUX","HHWEALTH","FINAN","USD","A","2012",83350.37,
"LUX","HHWEALTH","FINAN","USD","A","2013",90203.9,
"LUX","HHWEALTH","FINAN","USD","A","2014",99088.77,
"LUX","HHWEALTH","FINAN","USD","A","2015",105629.5,
"LUX","HHWEALTH","FINAN","USD","A","2016",110498,
"LUX","HHWEALTH","FINAN","USD","A","2017",109405.4,
"LUX","HHWEALTH","FINAN","USD","A","2018",109170.3,
"LUX","HHWEALTH","FINAN","USD","A","2019",121111.1,
"LUX","HHWEALTH","FINAN","USD","A","2020",121227.4,
"LUX","HHWEALTH","FINAN","USD","A","2021",130013.7,
"NLD","HHWEALTH","FINAN","USD","A","1995",39965.4,
"NLD","HHWEALTH","FINAN","USD","A","1996",41965.46,
"NLD","HHWEALTH","FINAN","USD","A","1997",44162.39,
"NLD","HHWEALTH","FINAN","USD","A","1998",45934.85,
"NLD","HHWEALTH","FINAN","USD","A","1999",49275.51,
"NLD","HHWEALTH","FINAN","USD","A","2000",51790.82,
"NLD","HHWEALTH","FINAN","USD","A","2001",49974.46,
"NLD","HHWEALTH","FINAN","USD","A","2002",49785.62,
"NLD","HHWEALTH","FINAN","USD","A","2003",49991.2,
"NLD","HHWEALTH","FINAN","USD","A","2004",50230.7,
"NLD","HHWEALTH","FINAN","USD","A","2005",53065.95,
"NLD","HHWEALTH","FINAN","USD","A","2006",53043.46,
"NLD","HHWEALTH","FINAN","USD","A","2007",50883.43,
"NLD","HHWEALTH","FINAN","USD","A","2008",57893.96,
"NLD","HHWEALTH","FINAN","USD","A","2009",57485.58,
"NLD","HHWEALTH","FINAN","USD","A","2010",63704.23,
"NLD","HHWEALTH","FINAN","USD","A","2011",74113.35,
"NLD","HHWEALTH","FINAN","USD","A","2012",82751.3,
"NLD","HHWEALTH","FINAN","USD","A","2013",84278.99,
"NLD","HHWEALTH","FINAN","USD","A","2014",102390,
"NLD","HHWEALTH","FINAN","USD","A","2015",109262.5,
"NLD","HHWEALTH","FINAN","USD","A","2016",122342.9,
"NLD","HHWEALTH","FINAN","USD","A","2017",122912.8,
"NLD","HHWEALTH","FINAN","USD","A","2018",125801.6,
"NLD","HHWEALTH","FINAN","USD","A","2019",146348.8,
"NLD","HHWEALTH","FINAN","USD","A","2020",167740.3,
"NLD","HHWEALTH","FINAN","USD","A","2021",163243.3,
"NLD","HHWEALTH","FINAN","USD","A","2022",133412,
"NOR","HHWEALTH","FINAN","USD","A","1995",6754.709,
"NOR","HHWEALTH","FINAN","USD","A","1996",7879.206,
"NOR","HHWEALTH","FINAN","USD","A","1997",9482.525,
"NOR","HHWEALTH","FINAN","USD","A","1998",9209.617,
"NOR","HHWEALTH","FINAN","USD","A","1999",11132.67,
"NOR","HHWEALTH","FINAN","USD","A","2000",11958.35,
"NOR","HHWEALTH","FINAN","USD","A","2001",11054.66,
"NOR","HHWEALTH","FINAN","USD","A","2002",10770.46,
"NOR","HHWEALTH","FINAN","USD","A","2003",11735.1,
"NOR","HHWEALTH","FINAN","USD","A","2004",13029.1,
"NOR","HHWEALTH","FINAN","USD","A","2005",15650.48,
"NOR","HHWEALTH","FINAN","USD","A","2006",17840.38,
"NOR","HHWEALTH","FINAN","USD","A","2007",18258.93,
"NOR","HHWEALTH","FINAN","USD","A","2008",15081.13,
"NOR","HHWEALTH","FINAN","USD","A","2009",17205.26,
"NOR","HHWEALTH","FINAN","USD","A","2010",17356.17,
"NOR","HHWEALTH","FINAN","USD","A","2011",16306.74,
"NOR","HHWEALTH","FINAN","USD","A","2012",17390.19,
"NOR","HHWEALTH","FINAN","USD","A","2013",19312.26,
"NOR","HHWEALTH","FINAN","USD","A","2014",20781.42,
"NOR","HHWEALTH","FINAN","USD","A","2015",20738.37,
"NOR","HHWEALTH","FINAN","USD","A","2016",21623.24,
"NOR","HHWEALTH","FINAN","USD","A","2017",24404.46,
"NOR","HHWEALTH","FINAN","USD","A","2018",23837.72,
"NOR","HHWEALTH","FINAN","USD","A","2019",27737.12,
"NOR","HHWEALTH","FINAN","USD","A","2020",31852.59,
"NOR","HHWEALTH","FINAN","USD","A","2021",39169.75,
"NOR","HHWEALTH","FINAN","USD","A","2022",39717.38,
"POL","HHWEALTH","FINAN","USD","A","1995",2473.516,
"POL","HHWEALTH","FINAN","USD","A","1996",2546.918,
"POL","HHWEALTH","FINAN","USD","A","1997",3133.08,
"POL","HHWEALTH","FINAN","USD","A","1998",4070.738,
"POL","HHWEALTH","FINAN","USD","A","1999",4380.606,
"POL","HHWEALTH","FINAN","USD","A","2000",4511.77,
"POL","HHWEALTH","FINAN","USD","A","2001",4447.376,
"POL","HHWEALTH","FINAN","USD","A","2002",4770.114,
"POL","HHWEALTH","FINAN","USD","A","2003",7537.081,
"POL","HHWEALTH","FINAN","USD","A","2004",7845.559,
"POL","HHWEALTH","FINAN","USD","A","2005",8676.009,
"POL","HHWEALTH","FINAN","USD","A","2006",9508.558,
"POL","HHWEALTH","FINAN","USD","A","2007",10456.44,
"POL","HHWEALTH","FINAN","USD","A","2008",8052.187,
"POL","HHWEALTH","FINAN","USD","A","2009",9142.18,
"POL","HHWEALTH","FINAN","USD","A","2010",10220.41,
"POL","HHWEALTH","FINAN","USD","A","2011",10696.93,
"POL","HHWEALTH","FINAN","USD","A","2012",12680.83,
"POL","HHWEALTH","FINAN","USD","A","2013",13955.71,
"POL","HHWEALTH","FINAN","USD","A","2014",15340.52,
"POL","HHWEALTH","FINAN","USD","A","2015",16693.8,
"POL","HHWEALTH","FINAN","USD","A","2016",19006.68,
"POL","HHWEALTH","FINAN","USD","A","2017",19760.32,
"POL","HHWEALTH","FINAN","USD","A","2018",20713.25,
"POL","HHWEALTH","FINAN","USD","A","2019",22213.5,
"POL","HHWEALTH","FINAN","USD","A","2020",26286.31,
"POL","HHWEALTH","FINAN","USD","A","2021",27682.15,
"POL","HHWEALTH","FINAN","USD","A","2022",28142.08,
"PRT","HHWEALTH","FINAN","USD","A","1995",15577.38,
"PRT","HHWEALTH","FINAN","USD","A","1996",15522.17,
"PRT","HHWEALTH","FINAN","USD","A","1997",16160.74,
"PRT","HHWEALTH","FINAN","USD","A","1998",17689.17,
"PRT","HHWEALTH","FINAN","USD","A","1999",18875.55,
"PRT","HHWEALTH","FINAN","USD","A","2000",19881.31,
"PRT","HHWEALTH","FINAN","USD","A","2001",20221.54,
"PRT","HHWEALTH","FINAN","USD","A","2002",19837.59,
"PRT","HHWEALTH","FINAN","USD","A","2003",20666.88,
"PRT","HHWEALTH","FINAN","USD","A","2004",22092.7,
"PRT","HHWEALTH","FINAN","USD","A","2005",23382.85,
"PRT","HHWEALTH","FINAN","USD","A","2006",25719.92,
"PRT","HHWEALTH","FINAN","USD","A","2007",26197.45,
"PRT","HHWEALTH","FINAN","USD","A","2008",25599.73,
"PRT","HHWEALTH","FINAN","USD","A","2009",27872.48,
"PRT","HHWEALTH","FINAN","USD","A","2010",28934.8,
"PRT","HHWEALTH","FINAN","USD","A","2011",28328.45,
"PRT","HHWEALTH","FINAN","USD","A","2012",29824.76,
"PRT","HHWEALTH","FINAN","USD","A","2013",33021.73,
"PRT","HHWEALTH","FINAN","USD","A","2014",35308.37,
"PRT","HHWEALTH","FINAN","USD","A","2015",37105.47,
"PRT","HHWEALTH","FINAN","USD","A","2016",39265.91,
"PRT","HHWEALTH","FINAN","USD","A","2017",41753.8,
"PRT","HHWEALTH","FINAN","USD","A","2018",43969.5,
"PRT","HHWEALTH","FINAN","USD","A","2019",46915.02,
"PRT","HHWEALTH","FINAN","USD","A","2020",49142.99,
"PRT","HHWEALTH","FINAN","USD","A","2021",51651.16,
"PRT","HHWEALTH","FINAN","USD","A","2022",52909.98,
"SVK","HHWEALTH","FINAN","USD","A","1995",5082.309,
"SVK","HHWEALTH","FINAN","USD","A","1996",5912.248,
"SVK","HHWEALTH","FINAN","USD","A","1997",6490.574,
"SVK","HHWEALTH","FINAN","USD","A","1998",7075.458,
"SVK","HHWEALTH","FINAN","USD","A","1999",6991.24,
"SVK","HHWEALTH","FINAN","USD","A","2000",6971.501,
"SVK","HHWEALTH","FINAN","USD","A","2001",7123.916,
"SVK","HHWEALTH","FINAN","USD","A","2002",5485.459,
"SVK","HHWEALTH","FINAN","USD","A","2003",5655.237,
"SVK","HHWEALTH","FINAN","USD","A","2004",5195.622,
"SVK","HHWEALTH","FINAN","USD","A","2005",6089.042,
"SVK","HHWEALTH","FINAN","USD","A","2006",7518.108,
"SVK","HHWEALTH","FINAN","USD","A","2007",8302.195,
"SVK","HHWEALTH","FINAN","USD","A","2008",7925.589,
"SVK","HHWEALTH","FINAN","USD","A","2009",9315.684,
"SVK","HHWEALTH","FINAN","USD","A","2010",11456.76,
"SVK","HHWEALTH","FINAN","USD","A","2011",12006.84,
"SVK","HHWEALTH","FINAN","USD","A","2012",12617.45,
"SVK","HHWEALTH","FINAN","USD","A","2013",13885.12,
"SVK","HHWEALTH","FINAN","USD","A","2014",15693.09,
"SVK","HHWEALTH","FINAN","USD","A","2015",16236.83,
"SVK","HHWEALTH","FINAN","USD","A","2016",16281.91,
"SVK","HHWEALTH","FINAN","USD","A","2017",15317.55,
"SVK","HHWEALTH","FINAN","USD","A","2018",15199.36,
"SVK","HHWEALTH","FINAN","USD","A","2019",16422.48,
"SVK","HHWEALTH","FINAN","USD","A","2020",18087.12,
"SVK","HHWEALTH","FINAN","USD","A","2021",19460.22,
"SVK","HHWEALTH","FINAN","USD","A","2022",16708.25,
"ESP","HHWEALTH","FINAN","USD","A","1995",15616.8,
"ESP","HHWEALTH","FINAN","USD","A","1996",16977.36,
"ESP","HHWEALTH","FINAN","USD","A","1997",19349.7,
"ESP","HHWEALTH","FINAN","USD","A","1998",22598.41,
"ESP","HHWEALTH","FINAN","USD","A","1999",23703.07,
"ESP","HHWEALTH","FINAN","USD","A","2000",22963.73,
"ESP","HHWEALTH","FINAN","USD","A","2001",23160.93,
"ESP","HHWEALTH","FINAN","USD","A","2002",21804.13,
"ESP","HHWEALTH","FINAN","USD","A","2003",23514.85,
"ESP","HHWEALTH","FINAN","USD","A","2004",24136.51,
"ESP","HHWEALTH","FINAN","USD","A","2005",26218.55,
"ESP","HHWEALTH","FINAN","USD","A","2006",31036.25,
"ESP","HHWEALTH","FINAN","USD","A","2007",30088.09,
"ESP","HHWEALTH","FINAN","USD","A","2008",23391.85,
"ESP","HHWEALTH","FINAN","USD","A","2009",25133.16,
"ESP","HHWEALTH","FINAN","USD","A","2010",25451.36,
"ESP","HHWEALTH","FINAN","USD","A","2011",26620.85,
"ESP","HHWEALTH","FINAN","USD","A","2012",29726.36,
"ESP","HHWEALTH","FINAN","USD","A","2013",37787.27,
"ESP","HHWEALTH","FINAN","USD","A","2014",42163.25,
"ESP","HHWEALTH","FINAN","USD","A","2015",50298.92,
"ESP","HHWEALTH","FINAN","USD","A","2016",52430.37,
"ESP","HHWEALTH","FINAN","USD","A","2017",53838.11,
"ESP","HHWEALTH","FINAN","USD","A","2018",52976.29,
"ESP","HHWEALTH","FINAN","USD","A","2019",58436.43,
"ESP","HHWEALTH","FINAN","USD","A","2020",62491.77,
"ESP","HHWEALTH","FINAN","USD","A","2021",66259.13,
"ESP","HHWEALTH","FINAN","USD","A","2022",67663.18,
"SWE","HHWEALTH","FINAN","USD","A","1995",14543.73,
"SWE","HHWEALTH","FINAN","USD","A","1996",18790.53,
"SWE","HHWEALTH","FINAN","USD","A","1997",23470.62,
"SWE","HHWEALTH","FINAN","USD","A","1998",26659.23,
"SWE","HHWEALTH","FINAN","USD","A","1999",35113.7,
"SWE","HHWEALTH","FINAN","USD","A","2000",34499.29,
"SWE","HHWEALTH","FINAN","USD","A","2001",31833.5,
"SWE","HHWEALTH","FINAN","USD","A","2002",31597.09,
"SWE","HHWEALTH","FINAN","USD","A","2003",36507.3,
"SWE","HHWEALTH","FINAN","USD","A","2004",38998.58,
"SWE","HHWEALTH","FINAN","USD","A","2005",48092.64,
"SWE","HHWEALTH","FINAN","USD","A","2006",56856.9,
"SWE","HHWEALTH","FINAN","USD","A","2007",58354.59,
"SWE","HHWEALTH","FINAN","USD","A","2008",52108.57,
"SWE","HHWEALTH","FINAN","USD","A","2009",59732.02,
"SWE","HHWEALTH","FINAN","USD","A","2010",67015.7,
"SWE","HHWEALTH","FINAN","USD","A","2011",62974.23,
"SWE","HHWEALTH","FINAN","USD","A","2012",68186.97,
"SWE","HHWEALTH","FINAN","USD","A","2013",78653.12,
"SWE","HHWEALTH","FINAN","USD","A","2014",91177.17,
"SWE","HHWEALTH","FINAN","USD","A","2015",97712.49,
"SWE","HHWEALTH","FINAN","USD","A","2016",106316,
"SWE","HHWEALTH","FINAN","USD","A","2017",110754,
"SWE","HHWEALTH","FINAN","USD","A","2018",107798.8,
"SWE","HHWEALTH","FINAN","USD","A","2019",131309.4,
"SWE","HHWEALTH","FINAN","USD","A","2020",146181,
"SWE","HHWEALTH","FINAN","USD","A","2021",171855.9,
"CHE","HHWEALTH","FINAN","USD","A","1999",82714.9,
"CHE","HHWEALTH","FINAN","USD","A","2000",85185.49,
"CHE","HHWEALTH","FINAN","USD","A","2001",82295.49,
"CHE","HHWEALTH","FINAN","USD","A","2002",78972,
"CHE","HHWEALTH","FINAN","USD","A","2003",82431.25,
"CHE","HHWEALTH","FINAN","USD","A","2004",86011.93,
"CHE","HHWEALTH","FINAN","USD","A","2005",93024.33,
"CHE","HHWEALTH","FINAN","USD","A","2006",106191.3,
"CHE","HHWEALTH","FINAN","USD","A","2007",114310.2,
"CHE","HHWEALTH","FINAN","USD","A","2008",102659.3,
"CHE","HHWEALTH","FINAN","USD","A","2009",111232.2,
"CHE","HHWEALTH","FINAN","USD","A","2010",111716.2,
"CHE","HHWEALTH","FINAN","USD","A","2011",116987.9,
"CHE","HHWEALTH","FINAN","USD","A","2012",125805.9,
"CHE","HHWEALTH","FINAN","USD","A","2013",137040.6,
"CHE","HHWEALTH","FINAN","USD","A","2014",145622.8,
"CHE","HHWEALTH","FINAN","USD","A","2015",151261,
"CHE","HHWEALTH","FINAN","USD","A","2016",160994.7,
"CHE","HHWEALTH","FINAN","USD","A","2017",175244.1,
"CHE","HHWEALTH","FINAN","USD","A","2018",171103.6,
"CHE","HHWEALTH","FINAN","USD","A","2019",192380.4,
"CHE","HHWEALTH","FINAN","USD","A","2020",200484,
"CHE","HHWEALTH","FINAN","USD","A","2021",222597.2,
"CHE","HHWEALTH","FINAN","USD","A","2022",221627.2,
"TUR","HHWEALTH","FINAN","USD","A","2010",4571.743,
"TUR","HHWEALTH","FINAN","USD","A","2011",4494.123,
"TUR","HHWEALTH","FINAN","USD","A","2012",4400.475,
"TUR","HHWEALTH","FINAN","USD","A","2013",4530.983,
"TUR","HHWEALTH","FINAN","USD","A","2014",5297.196,
"TUR","HHWEALTH","FINAN","USD","A","2015",6040.201,
"TUR","HHWEALTH","FINAN","USD","A","2016",6834.05,
"TUR","HHWEALTH","FINAN","USD","A","2017",6920.568,
"TUR","HHWEALTH","FINAN","USD","A","2018",7502.675,
"TUR","HHWEALTH","FINAN","USD","A","2019",8801.478,
"TUR","HHWEALTH","FINAN","USD","A","2020",10155.28,
"TUR","HHWEALTH","FINAN","USD","A","2021",13205.85,
"GBR","HHWEALTH","FINAN","USD","A","1995",38545.76,
"GBR","HHWEALTH","FINAN","USD","A","1996",41724.14,
"GBR","HHWEALTH","FINAN","USD","A","1997",45409.85,
"GBR","HHWEALTH","FINAN","USD","A","1998",53386.09,
"GBR","HHWEALTH","FINAN","USD","A","1999",56481.43,
"GBR","HHWEALTH","FINAN","USD","A","2000",59890.98,
"GBR","HHWEALTH","FINAN","USD","A","2001",57297.05,
"GBR","HHWEALTH","FINAN","USD","A","2002",54771.07,
"GBR","HHWEALTH","FINAN","USD","A","2003",55609.05,
"GBR","HHWEALTH","FINAN","USD","A","2004",58173.71,
"GBR","HHWEALTH","FINAN","USD","A","2005",61895.72,
"GBR","HHWEALTH","FINAN","USD","A","2006",62761.35,
"GBR","HHWEALTH","FINAN","USD","A","2007",63295.45,
"GBR","HHWEALTH","FINAN","USD","A","2008",59558.02,
"GBR","HHWEALTH","FINAN","USD","A","2009",66359.27,
"GBR","HHWEALTH","FINAN","USD","A","2010",71501.78,
"GBR","HHWEALTH","FINAN","USD","A","2011",78417.43,
"GBR","HHWEALTH","FINAN","USD","A","2012",82000.66,
"GBR","HHWEALTH","FINAN","USD","A","2013",83186.47,
"GBR","HHWEALTH","FINAN","USD","A","2014",94154.16,
"GBR","HHWEALTH","FINAN","USD","A","2015",95313.08,
"GBR","HHWEALTH","FINAN","USD","A","2016",105845,
"GBR","HHWEALTH","FINAN","USD","A","2017",109454.9,
"GBR","HHWEALTH","FINAN","USD","A","2018",102277.8,
"GBR","HHWEALTH","FINAN","USD","A","2019",111911.4,
"GBR","HHWEALTH","FINAN","USD","A","2020",119027.9,
"GBR","HHWEALTH","FINAN","USD","A","2021",121393.4,
"GBR","HHWEALTH","FINAN","USD","A","2022",100760.6,
"USA","HHWEALTH","FINAN","USD","A","1995",68226.84,
"USA","HHWEALTH","FINAN","USD","A","1996",73261.66,
"USA","HHWEALTH","FINAN","USD","A","1997",82019.3,
"USA","HHWEALTH","FINAN","USD","A","1998",90673.21,
"USA","HHWEALTH","FINAN","USD","A","1999",99394.2,
"USA","HHWEALTH","FINAN","USD","A","2000",95592.05,
"USA","HHWEALTH","FINAN","USD","A","2001",93337.66,
"USA","HHWEALTH","FINAN","USD","A","2002",85965.84,
"USA","HHWEALTH","FINAN","USD","A","2003",95876.45,
"USA","HHWEALTH","FINAN","USD","A","2004",107259.1,
"USA","HHWEALTH","FINAN","USD","A","2005",113874.3,
"USA","HHWEALTH","FINAN","USD","A","2006",124351.2,
"USA","HHWEALTH","FINAN","USD","A","2007",130716.8,
"USA","HHWEALTH","FINAN","USD","A","2008",108584,
"USA","HHWEALTH","FINAN","USD","A","2009",115396.9,
"USA","HHWEALTH","FINAN","USD","A","2010",130211.6,
"USA","HHWEALTH","FINAN","USD","A","2011",133908.1,
"USA","HHWEALTH","FINAN","USD","A","2012",146763.6,
"USA","HHWEALTH","FINAN","USD","A","2013",166300.4,
"USA","HHWEALTH","FINAN","USD","A","2014",178901.4,
"USA","HHWEALTH","FINAN","USD","A","2015",181087.2,
"USA","HHWEALTH","FINAN","USD","A","2016",188773.4,
"USA","HHWEALTH","FINAN","USD","A","2017",207392.4,
"USA","HHWEALTH","FINAN","USD","A","2018",201925.1,
"USA","HHWEALTH","FINAN","USD","A","2019",232901.1,
"USA","HHWEALTH","FINAN","USD","A","2020",264992.1,
"USA","HHWEALTH","FINAN","USD","A","2021",300648.4,
"USA","HHWEALTH","FINAN","USD","A","2022",273370.3,
"CHL","HHWEALTH","FINAN","USD","A","2003",15141.03,
"CHL","HHWEALTH","FINAN","USD","A","2004",15627.59,
"CHL","HHWEALTH","FINAN","USD","A","2005",15897.61,
"CHL","HHWEALTH","FINAN","USD","A","2006",18776.42,
"CHL","HHWEALTH","FINAN","USD","A","2007",19797.84,
"CHL","HHWEALTH","FINAN","USD","A","2008",17424.79,
"CHL","HHWEALTH","FINAN","USD","A","2009",18781.21,
"CHL","HHWEALTH","FINAN","USD","A","2010",20924.55,
"CHL","HHWEALTH","FINAN","USD","A","2011",22192.07,
"CHL","HHWEALTH","FINAN","USD","A","2012",24233.81,
"CHL","HHWEALTH","FINAN","USD","A","2013",26436.66,
"CHL","HHWEALTH","FINAN","USD","A","2014",29513.71,
"CHL","HHWEALTH","FINAN","USD","A","2015",29732.89,
"CHL","HHWEALTH","FINAN","USD","A","2016",30829.46,
"CHL","HHWEALTH","FINAN","USD","A","2017",32559.13,
"CHL","HHWEALTH","FINAN","USD","A","2018",33861.66,
"CHL","HHWEALTH","FINAN","USD","A","2019",37286.18,
"CHL","HHWEALTH","FINAN","USD","A","2020",36537.6,
"CHL","HHWEALTH","FINAN","USD","A","2021",36496.09,
"CHL","HHWEALTH","FINAN","USD","A","2022",35746.87,
"EST","HHWEALTH","FINAN","USD","A","1995",3348.876,
"EST","HHWEALTH","FINAN","USD","A","1996",3956.517,
"EST","HHWEALTH","FINAN","USD","A","1997",4099.165,
"EST","HHWEALTH","FINAN","USD","A","1998",3322.454,
"EST","HHWEALTH","FINAN","USD","A","1999",3967.861,
"EST","HHWEALTH","FINAN","USD","A","2000",4593.512,
"EST","HHWEALTH","FINAN","USD","A","2001",4466.356,
"EST","HHWEALTH","FINAN","USD","A","2002",5550.006,
"EST","HHWEALTH","FINAN","USD","A","2003",6588.018,
"EST","HHWEALTH","FINAN","USD","A","2004",7041.989,
"EST","HHWEALTH","FINAN","USD","A","2005",6396.165,
"EST","HHWEALTH","FINAN","USD","A","2006",5174.857,
"EST","HHWEALTH","FINAN","USD","A","2007",4890.768,
"EST","HHWEALTH","FINAN","USD","A","2008",8887.574,
"EST","HHWEALTH","FINAN","USD","A","2009",6099.094,
"EST","HHWEALTH","FINAN","USD","A","2010",7286.469,
"EST","HHWEALTH","FINAN","USD","A","2011",9773.701,
"EST","HHWEALTH","FINAN","USD","A","2012",14376.85,
"EST","HHWEALTH","FINAN","USD","A","2013",17438.35,
"EST","HHWEALTH","FINAN","USD","A","2014",20356.94,
"EST","HHWEALTH","FINAN","USD","A","2015",20119.01,
"EST","HHWEALTH","FINAN","USD","A","2016",24187.86,
"EST","HHWEALTH","FINAN","USD","A","2017",27704.86,
"EST","HHWEALTH","FINAN","USD","A","2018",30491.4,
"EST","HHWEALTH","FINAN","USD","A","2019",34489.12,
"EST","HHWEALTH","FINAN","USD","A","2020",39469,
"EST","HHWEALTH","FINAN","USD","A","2021",41560.25,
"ISR","HHWEALTH","FINAN","USD","A","2001",34223.4,
"ISR","HHWEALTH","FINAN","USD","A","2002",33521.43,
"ISR","HHWEALTH","FINAN","USD","A","2003",41604.75,
"ISR","HHWEALTH","FINAN","USD","A","2004",43593.95,
"ISR","HHWEALTH","FINAN","USD","A","2005",47585.79,
"ISR","HHWEALTH","FINAN","USD","A","2006",48015.4,
"ISR","HHWEALTH","FINAN","USD","A","2007",47910.06,
"ISR","HHWEALTH","FINAN","USD","A","2008",37527.3,
"ISR","HHWEALTH","FINAN","USD","A","2009",44282.81,
"ISR","HHWEALTH","FINAN","USD","A","2010",50449.45,
"ISR","HHWEALTH","FINAN","USD","A","2011",52182.88,
"ISR","HHWEALTH","FINAN","USD","A","2012",58391.08,
"ISR","HHWEALTH","FINAN","USD","A","2013",65941.89,
"ISR","HHWEALTH","FINAN","USD","A","2014",67851.21,
"ISR","HHWEALTH","FINAN","USD","A","2015",67313.78,
"ISR","HHWEALTH","FINAN","USD","A","2016",65361.07,
"ISR","HHWEALTH","FINAN","USD","A","2017",68253.46,
"ISR","HHWEALTH","FINAN","USD","A","2018",68248.3,
"ISR","HHWEALTH","FINAN","USD","A","2019",72393.41,
"ISR","HHWEALTH","FINAN","USD","A","2020",78547.29,
"ISR","HHWEALTH","FINAN","USD","A","2021",89821.66,
"LVA","HHWEALTH","FINAN","USD","A","1995",3353.447,
"LVA","HHWEALTH","FINAN","USD","A","1996",4079.313,
"LVA","HHWEALTH","FINAN","USD","A","1997",4859.702,
"LVA","HHWEALTH","FINAN","USD","A","1998",4826.624,
"LVA","HHWEALTH","FINAN","USD","A","1999",4747.386,
"LVA","HHWEALTH","FINAN","USD","A","2000",4937.657,
"LVA","HHWEALTH","FINAN","USD","A","2001",4064.993,
"LVA","HHWEALTH","FINAN","USD","A","2002",4427.182,
"LVA","HHWEALTH","FINAN","USD","A","2003",4753.993,
"LVA","HHWEALTH","FINAN","USD","A","2004",4546.933,
"LVA","HHWEALTH","FINAN","USD","A","2005",3621.558,
"LVA","HHWEALTH","FINAN","USD","A","2006",3746.168,
"LVA","HHWEALTH","FINAN","USD","A","2007",4008.934,
"LVA","HHWEALTH","FINAN","USD","A","2008",4029.928,
"LVA","HHWEALTH","FINAN","USD","A","2009",4110.388,
"LVA","HHWEALTH","FINAN","USD","A","2010",6791.671,
"LVA","HHWEALTH","FINAN","USD","A","2011",6907.132,
"LVA","HHWEALTH","FINAN","USD","A","2012",8782.447,
"LVA","HHWEALTH","FINAN","USD","A","2013",10784.73,
"LVA","HHWEALTH","FINAN","USD","A","2014",11883.03,
"LVA","HHWEALTH","FINAN","USD","A","2015",15428.17,
"LVA","HHWEALTH","FINAN","USD","A","2016",17844.51,
"LVA","HHWEALTH","FINAN","USD","A","2017",19706.23,
"LVA","HHWEALTH","FINAN","USD","A","2018",21438.34,
"LVA","HHWEALTH","FINAN","USD","A","2019",23149.38,
"LVA","HHWEALTH","FINAN","USD","A","2020",26380.56,
"LVA","HHWEALTH","FINAN","USD","A","2021",29519.37,
"LVA","HHWEALTH","FINAN","USD","A","2022",30721.72,
"SVN","HHWEALTH","FINAN","USD","A","1995",7248.911,
"SVN","HHWEALTH","FINAN","USD","A","1996",7422.088,
"SVN","HHWEALTH","FINAN","USD","A","1997",7737.936,
"SVN","HHWEALTH","FINAN","USD","A","1998",8328.598,
"SVN","HHWEALTH","FINAN","USD","A","1999",8401.649,
"SVN","HHWEALTH","FINAN","USD","A","2000",9283.246,
"SVN","HHWEALTH","FINAN","USD","A","2001",11841.67,
"SVN","HHWEALTH","FINAN","USD","A","2002",13822.6,
"SVN","HHWEALTH","FINAN","USD","A","2003",14939.13,
"SVN","HHWEALTH","FINAN","USD","A","2004",17124.48,
"SVN","HHWEALTH","FINAN","USD","A","2005",18029.66,
"SVN","HHWEALTH","FINAN","USD","A","2006",19986.42,
"SVN","HHWEALTH","FINAN","USD","A","2007",21259.6,
"SVN","HHWEALTH","FINAN","USD","A","2008",19147.04,
"SVN","HHWEALTH","FINAN","USD","A","2009",20229.53,
"SVN","HHWEALTH","FINAN","USD","A","2010",21168.95,
"SVN","HHWEALTH","FINAN","USD","A","2011",21260.67,
"SVN","HHWEALTH","FINAN","USD","A","2012",22262.24,
"SVN","HHWEALTH","FINAN","USD","A","2013",24044.98,
"SVN","HHWEALTH","FINAN","USD","A","2014",25509.95,
"SVN","HHWEALTH","FINAN","USD","A","2015",25969.71,
"SVN","HHWEALTH","FINAN","USD","A","2016",28264.09,
"SVN","HHWEALTH","FINAN","USD","A","2017",30696.42,
"SVN","HHWEALTH","FINAN","USD","A","2018",33303.37,
"SVN","HHWEALTH","FINAN","USD","A","2019",37312.9,
"SVN","HHWEALTH","FINAN","USD","A","2020",42032.76,
"SVN","HHWEALTH","FINAN","USD","A","2021",46543.26,
"SVN","HHWEALTH","FINAN","USD","A","2022",48892.94,
"MEX","HHWEALTH","TOT","PC_NDI","A","2003",182.3634,
"MEX","HHWEALTH","TOT","PC_NDI","A","2004",198.4076,
"MEX","HHWEALTH","TOT","PC_NDI","A","2005",205.3802,
"MEX","HHWEALTH","TOT","PC_NDI","A","2006",206.948,
"MEX","HHWEALTH","TOT","PC_NDI","A","2007",221.035,
"MEX","HHWEALTH","TOT","PC_NDI","A","2008",216.7999,
"MEX","HHWEALTH","TOT","PC_NDI","A","2009",217.902,
"MEX","HHWEALTH","TOT","PC_NDI","A","2010",233.2011,
"MEX","HHWEALTH","TOT","PC_NDI","A","2011",243.876,
"MEX","HHWEALTH","TOT","PC_NDI","A","2012",270.7905,
"MEX","HHWEALTH","TOT","PC_NDI","A","2013",263.0189,
"MEX","HHWEALTH","TOT","PC_NDI","A","2014",270.9736,
"MEX","HHWEALTH","TOT","PC_NDI","A","2015",271.5924,
"MEX","HHWEALTH","TOT","PC_NDI","A","2016",285.4346,
"MEX","HHWEALTH","TOT","PC_NDI","A","2017",309.0928,
"MEX","HHWEALTH","TOT","PC_NDI","A","2018",319.9449,
"MEX","HHWEALTH","TOT","PC_NDI","A","2019",323.7367,
"MEX","HHWEALTH","TOT","PC_NDI","A","2020",354.3294,
"MEX","HHWEALTH","TOT","PC_NDI","A","2021",351.1357,
"MEX","HHWEALTH","FINAN","USD","A","2003",5765.253,
"MEX","HHWEALTH","FINAN","USD","A","2004",6849.169,
"MEX","HHWEALTH","FINAN","USD","A","2005",7626.393,
"MEX","HHWEALTH","FINAN","USD","A","2006",8309.82,
"MEX","HHWEALTH","FINAN","USD","A","2007",9457.463,
"MEX","HHWEALTH","FINAN","USD","A","2008",8689.456,
"MEX","HHWEALTH","FINAN","USD","A","2009",8628.685,
"MEX","HHWEALTH","FINAN","USD","A","2010",10493.62,
"MEX","HHWEALTH","FINAN","USD","A","2011",12699.83,
"MEX","HHWEALTH","FINAN","USD","A","2012",15305.26,
"MEX","HHWEALTH","FINAN","USD","A","2013",14569.9,
"MEX","HHWEALTH","FINAN","USD","A","2014",16286.11,
"MEX","HHWEALTH","FINAN","USD","A","2015",16588.31,
"MEX","HHWEALTH","FINAN","USD","A","2016",18004.23,
"MEX","HHWEALTH","FINAN","USD","A","2017",18830.95,
"MEX","HHWEALTH","FINAN","USD","A","2018",17955.81,
"MEX","HHWEALTH","FINAN","USD","A","2019",18593.93,
"MEX","HHWEALTH","FINAN","USD","A","2020",19420.03,
"MEX","HHWEALTH","FINAN","USD","A","2021",22023.68,
"BRA","HHWEALTH","FINAN","USD","A","2009",6049.026,
"BRA","HHWEALTH","FINAN","USD","A","2010",6038.099,
"BRA","HHWEALTH","FINAN","USD","A","2011",6210.713,
"BRA","HHWEALTH","FINAN","USD","A","2012",6683.196,
"BRA","HHWEALTH","FINAN","USD","A","2013",6849.548,
"BRA","HHWEALTH","FINAN","USD","A","2014",7556.749,
"BRA","HHWEALTH","FINAN","USD","A","2015",8351.033,
"BRA","HHWEALTH","FINAN","USD","A","2016",8964.259,
"BRA","HHWEALTH","FINAN","USD","A","2017",12102.54,
"BRA","HHWEALTH","FINAN","USD","A","2018",12644.23,
"BRA","HHWEALTH","FINAN","USD","A","2019",13855.23,
"BRA","HHWEALTH","FINAN","USD","A","2020",15991.88,
"COL","HHWEALTH","FINAN","USD","A","2015",8303.116,
"COL","HHWEALTH","FINAN","USD","A","2016",7968.108,
"COL","HHWEALTH","FINAN","USD","A","2017",10054.35,
"COL","HHWEALTH","FINAN","USD","A","2018",12078.38,
"COL","HHWEALTH","FINAN","USD","A","2019",13001.04,
"COL","HHWEALTH","FINAN","USD","A","2020",12363.43,
"COL","HHWEALTH","FINAN","USD","A","2021",12845.5,
"COL","HHWEALTH","FINAN","USD","A","2022",11726.85,
"LTU","HHWEALTH","TOT","PC_NDI","A","1995",315.6257,
"LTU","HHWEALTH","TOT","PC_NDI","A","1996",291.7948,
"LTU","HHWEALTH","TOT","PC_NDI","A","1997",283.4037,
"LTU","HHWEALTH","TOT","PC_NDI","A","1998",249.0676,
"LTU","HHWEALTH","TOT","PC_NDI","A","1999",239.0308,
"LTU","HHWEALTH","TOT","PC_NDI","A","2000",231.527,
"LTU","HHWEALTH","TOT","PC_NDI","A","2001",220.6688,
"LTU","HHWEALTH","TOT","PC_NDI","A","2002",220.3844,
"LTU","HHWEALTH","TOT","PC_NDI","A","2003",216.9242,
"LTU","HHWEALTH","TOT","PC_NDI","A","2004",215.4219,
"LTU","HHWEALTH","TOT","PC_NDI","A","2005",226.3384,
"LTU","HHWEALTH","TOT","PC_NDI","A","2006",219.568,
"LTU","HHWEALTH","TOT","PC_NDI","A","2007",239.5379,
"LTU","HHWEALTH","TOT","PC_NDI","A","2008",210.2545,
"LTU","HHWEALTH","TOT","PC_NDI","A","2009",193.7086,
"LTU","HHWEALTH","TOT","PC_NDI","A","2010",192.6198,
"LTU","HHWEALTH","TOT","PC_NDI","A","2011",196.4827,
"LTU","HHWEALTH","TOT","PC_NDI","A","2012",202.857,
"LTU","HHWEALTH","TOT","PC_NDI","A","2013",211.2022,
"LTU","HHWEALTH","TOT","PC_NDI","A","2014",212.8873,
"LTU","HHWEALTH","TOT","PC_NDI","A","2015",221.4631,
"LTU","HHWEALTH","TOT","PC_NDI","A","2016",224.6104,
"LTU","HHWEALTH","TOT","PC_NDI","A","2017",232.3767,
"LTU","HHWEALTH","TOT","PC_NDI","A","2018",231.1762,
"LTU","HHWEALTH","TOT","PC_NDI","A","2019",231.8586,
"LTU","HHWEALTH","TOT","PC_NDI","A","2020",245.3828,
"LTU","HHWEALTH","FINAN","USD","A","1995",1833.857,
"LTU","HHWEALTH","FINAN","USD","A","1996",1916.9,
"LTU","HHWEALTH","FINAN","USD","A","1997",2997.6,
"LTU","HHWEALTH","FINAN","USD","A","1998",3065.257,
"LTU","HHWEALTH","FINAN","USD","A","1999",3096.041,
"LTU","HHWEALTH","FINAN","USD","A","2000",3357.831,
"LTU","HHWEALTH","FINAN","USD","A","2001",3622.386,
"LTU","HHWEALTH","FINAN","USD","A","2002",4542.28,
"LTU","HHWEALTH","FINAN","USD","A","2003",5178.755,
"LTU","HHWEALTH","FINAN","USD","A","2004",7023.956,
"LTU","HHWEALTH","FINAN","USD","A","2005",8141.851,
"LTU","HHWEALTH","FINAN","USD","A","2006",8641.588,
"LTU","HHWEALTH","FINAN","USD","A","2007",10265.77,
"LTU","HHWEALTH","FINAN","USD","A","2008",11324.99,
"LTU","HHWEALTH","FINAN","USD","A","2009",9112.084,
"LTU","HHWEALTH","FINAN","USD","A","2010",9938.587,
"LTU","HHWEALTH","FINAN","USD","A","2011",11330.81,
"LTU","HHWEALTH","FINAN","USD","A","2012",12900.61,
"LTU","HHWEALTH","FINAN","USD","A","2013",15186.06,
"LTU","HHWEALTH","FINAN","USD","A","2014",15402.86,
"LTU","HHWEALTH","FINAN","USD","A","2015",17225.01,
"LTU","HHWEALTH","FINAN","USD","A","2016",20276.54,
"LTU","HHWEALTH","FINAN","USD","A","2017",22930.51,
"LTU","HHWEALTH","FINAN","USD","A","2018",24281.3,
"LTU","HHWEALTH","FINAN","USD","A","2019",27849.8,
"LTU","HHWEALTH","FINAN","USD","A","2020",33547.65,
"LTU","HHWEALTH","FINAN","USD","A","2021",39645.95,
"RUS","HHWEALTH","FINAN","USD","A","2011",8092.127,
"RUS","HHWEALTH","FINAN","USD","A","2012",8113.635,
"RUS","HHWEALTH","FINAN","USD","A","2013",8932.188,
"RUS","HHWEALTH","FINAN","USD","A","2014",9722.953,
"RUS","HHWEALTH","FINAN","USD","A","2015",11313.65,
"RUS","HHWEALTH","FINAN","USD","A","2016",11947.14,
"RUS","HHWEALTH","FINAN","USD","A","2017",15420.23,
"RUS","HHWEALTH","FINAN","USD","A","2018",17176.34,
"RUS","HHWEALTH","FINAN","USD","A","2019",17964.46,
"RUS","HHWEALTH","FINAN","USD","A","2020",21940.44,
"ZAF","HHWEALTH","FINAN","USD","A","1995",8876.982,
"ZAF","HHWEALTH","FINAN","USD","A","1996",8869.111,
"ZAF","HHWEALTH","FINAN","USD","A","1997",8525.756,
"ZAF","HHWEALTH","FINAN","USD","A","1998",7925.153,
"ZAF","HHWEALTH","FINAN","USD","A","1999",9652.43,
"ZAF","HHWEALTH","FINAN","USD","A","2000",9359.933,
"ZAF","HHWEALTH","FINAN","USD","A","2001",10179.38,
"ZAF","HHWEALTH","FINAN","USD","A","2002",8905.19,
"ZAF","HHWEALTH","FINAN","USD","A","2003",9376.786,
"ZAF","HHWEALTH","FINAN","USD","A","2004",10263.88,
"ZAF","HHWEALTH","FINAN","USD","A","2005",11751.55,
"ZAF","HHWEALTH","FINAN","USD","A","2006",14113.86,
"ZAF","HHWEALTH","FINAN","USD","A","2007",14324.28,
"ZAF","HHWEALTH","FINAN","USD","A","2008",11670.18,
"ZAF","HHWEALTH","FINAN","USD","A","2009",12736.13,
"ZAF","HHWEALTH","FINAN","USD","A","2010",13796.08,
"ZAF","HHWEALTH","FINAN","USD","A","2011",13560.41,
"ZAF","HHWEALTH","FINAN","USD","A","2012",14916.89,
"ZAF","HHWEALTH","FINAN","USD","A","2013",16868.58,
"ZAF","HHWEALTH","FINAN","USD","A","2014",17549.03,
"ZAF","HHWEALTH","FINAN","USD","A","2015",17159.46,
"ZAF","HHWEALTH","FINAN","USD","A","2016",16770.7,
"ZAF","HHWEALTH","FINAN","USD","A","2017",18236.05,
"ZAF","HHWEALTH","FINAN","USD","A","2018",16473.21,
"ZAF","HHWEALTH","FINAN","USD","A","2019",16884.04,
"ZAF","HHWEALTH","FINAN","USD","A","2020",16800.98,
"NZL","HHWEALTH","FINAN","USD","A","2007",78360.25,
"NZL","HHWEALTH","FINAN","USD","A","2008",79974.48,
"NZL","HHWEALTH","FINAN","USD","A","2009",79953.08,
"NZL","HHWEALTH","FINAN","USD","A","2010",79478.68,
"NZL","HHWEALTH","FINAN","USD","A","2011",82738.13,
"NZL","HHWEALTH","FINAN","USD","A","2012",82861.91,
"NZL","HHWEALTH","FINAN","USD","A","2013",91118.52,
"NZL","HHWEALTH","FINAN","USD","A","2014",94974.49,
"NZL","HHWEALTH","FINAN","USD","A","2015",100214.2,
"NZL","HHWEALTH","FINAN","USD","A","2016",102271,
"NZL","HHWEALTH","FINAN","USD","A","2017",111537.8,
"NZL","HHWEALTH","FINAN","USD","A","2018",118978.2,
"NZL","HHWEALTH","FINAN","USD","A","2019",127211,
"NZL","HHWEALTH","FINAN","USD","A","2020",126401.5,
"NZL","HHWEALTH","FINAN","USD","A","2021",138852.6,
"ESP","HHWEALTH","TOT","PC_NDI","A","1995",308.8887,
"ESP","HHWEALTH","TOT","PC_NDI","A","1996",314.1602,
"ESP","HHWEALTH","TOT","PC_NDI","A","1997",323.2871,
"ESP","HHWEALTH","TOT","PC_NDI","A","1998",341.5519,
"ESP","HHWEALTH","TOT","PC_NDI","A","1999",351.4866,
"ESP","HHWEALTH","TOT","PC_NDI","A","2000",334.855,
"ESP","HHWEALTH","TOT","PC_NDI","A","2001",331.303,
"ESP","HHWEALTH","TOT","PC_NDI","A","2002",324.2208,
"ESP","HHWEALTH","TOT","PC_NDI","A","2003",340.014,
"ESP","HHWEALTH","TOT","PC_NDI","A","2004",352.5614,
"ESP","HHWEALTH","TOT","PC_NDI","A","2005",368.9795,
"ESP","HHWEALTH","TOT","PC_NDI","A","2006",391.101,
"ESP","HHWEALTH","TOT","PC_NDI","A","2007",381.0102,
"ESP","HHWEALTH","TOT","PC_NDI","A","2008",328.5816,
"ESP","HHWEALTH","TOT","PC_NDI","A","2009",335.2838,
"ESP","HHWEALTH","TOT","PC_NDI","A","2010",332.0996,
"ESP","HHWEALTH","TOT","PC_NDI","A","2011",316.6343,
"ESP","HHWEALTH","TOT","PC_NDI","A","2012",325.5429,
"ESP","HHWEALTH","TOT","PC_NDI","A","2013",352.042,
"ESP","HHWEALTH","TOT","PC_NDI","A","2014",373.0132,
"ESP","HHWEALTH","TOT","PC_NDI","A","2015",402.5874,
"ESP","HHWEALTH","TOT","PC_NDI","A","2016",399.3086,
"ESP","HHWEALTH","TOT","PC_NDI","A","2017",392.2701,
"ESP","HHWEALTH","TOT","PC_NDI","A","2018",385.2155,
"ESP","HHWEALTH","TOT","PC_NDI","A","2019",390.2873,
"ESP","HHWEALTH","TOT","PC_NDI","A","2020",426.034,
"ESP","HHWEALTH","TOT","PC_NDI","A","2021",444.0178,
